student_id,name
10276,vue
5209,html
5243,django
10311,vue
8305,rails
8334,backbone
10158,rails
5300,react
4995,Java
6023,javascript
5929,Java
8646,django
9458,LAN
8709,react
10570,react
9114,php
6287,react
8779,backbone
6414,R
7143,UNIX
9518,LAN
4684,angular
8484,regressions
5912,javascript
9746,vue
5328,javascript
5071,css
10509,angular
7356,Ruby
4972,angular
6484,regressions
6457,git
9621,git
8400,git
9516,rails
7851,ML systems
10274,php
6775,php
10313,javascript
9767,django
5653,rails
8065,git
9950,angular
9126,git
10230,LAN
10422,hypothesis testing
8045,rails
7710,javascript
5985,ML systems
5272,git
8003,Python
10388,css
7170,R
6859,html
5645,backbone
6012,angular
8286,C#
4940,ML systems
7149,css
7936,C++
7517,git
7778,php
8180,django
6641,Mean
10526,css
9378,Python
4755,php
10401,rails
8615,Java
5603,C#
8828,hypothesis testing
8900,.Net
9914,css
6420,Mean
10428,LAN
8426,git
5196,php
8704,SQL
5451,backbone
6313,php
4835,rails
6672,html
9594,R
9022,.Net
8507,php
7912,css
8157,css
5215,css
5728,rails
7863,react
5574,backbone
7787,backbone
9440,php
6825,Java
7057,TCP/IP
5553,rails
9364,vue
7569,rails
5863,vue
4760,vue
8121,php
7984,git
7714,hypothesis testing
7407,Mean
8132,statisticalinference
9113,git
8959,LAN
6240,backbone
7566,Java
7285,html
5719,backbone
6725,WAN
4799,Java
6498,git
10198,git
9091,git
7836,hypothesis testing
9607,Python
9387,django
8630,php
4727,LAN
7594,react
8634,django
8521,Mean
8260,css
5835,git
8900,git
6789,react
9412,react
5666,vue
6653,vue
9080,Java
6403,WAN
8147,git
9087,regressions
10477,WAN
7205,Python
7750,WAN
6618,SQL
10223,vue
5117,Ruby
10390,regressions
8176,Java
4609,UNIX
6249,angular
9546,vue
4717,php
9033,backbone
6072,C#
9819,css
7581,statisticalinference
5587,vue
4946,angular
5102,react
5550,hypothesis testing
6513,UNIX
8409,R
8298,html
9902,rails
7855,css
10306,react
5155,css
5602,R
8334,UNIX
7217,TCP/IP
8987,Python
9355,git
9632,WAN
7149,statisticalinference
5085,C++
7301,vue
9040,C++
6243,php
8508,angular
8548,react
10187,git
5309,django
7325,css
9913,.Net
6749,Mean
4703,Java
5449,rails
9297,backbone
9970,R
5335,css
9008,html
5497,javascript
5817,react
10508,.Net
4704,Ruby
7646,Ruby
4860,php
5551,.Net
8430,UNIX
8743,LAN
6834,Python
6908,react
7469,git
8138,statisticalinference
9399,html
7404,TCP/IP
6957,LAN
7448,WAN
5975,css
6323,ML systems
9197,vue
7086,hypothesis testing
7996,javascript
6807,git
8549,javascript
5222,javascript
9039,C++
5451,R
6019,C++
6720,regressions
7195,UNIX
9387,UNIX
7383,Ruby
5978,UNIX
10261,react
7227,django
8119,Mean
5397,Python
7107,css
5806,php
6874,javascript
8110,django
8059,rails
7432,UNIX
7414,php
4899,javascript
5477,rails
8257,angular
5317,.Net
10250,javascript
6138,django
4788,backbone
5417,backbone
9565,css
5387,rails
7966,html
9363,Java
8386,vue
5690,Ruby
5252,rails
6364,angular
7836,react
10019,vue
9358,backbone
9801,html
9565,angular
5009,C#
5317,git
6032,WAN
4818,C#
5521,Mean
10152,C++
4731,git
8582,ML systems
5426,ML systems
7422,R
4657,css
8552,react
5200,TCP/IP
7537,R
8598,Python
7197,C#
7383,Ruby
7265,django
6033,css
4946,TCP/IP
9014,git
9818,SQL
4951,php
6449,LAN
8276,.Net
6394,ML systems
7870,LAN
10269,django
4918,regressions
4798,backbone
6298,django
5935,Python
10203,Java
7890,git
6097,SQL
6421,rails
5518,php
6112,UNIX
5570,django
10539,Mean
8455,react
5267,git
6931,django
6310,regressions
9994,angular
5978,vue
6024,javascript
6809,UNIX
10479,css
8343,git
5935,ML systems
4986,ML systems
10542,rails
9076,backbone
8501,C#
5799,Java
7291,WAN
10074,css
9971,C#
7586,R
5693,html
6307,LAN
7085,react
6281,C++
6505,git
4764,django
7544,angular
10483,.Net
6981,WAN
4665,git
8515,html
5400,.Net
6997,vue
6702,LAN
10476,css
8726,UNIX
8753,php
10027,rails
6879,SQL
10461,html
10201,TCP/IP
9012,R
10390,git
9007,react
8708,django
5316,backbone
5498,django
5821,javascript
7390,statisticalinference
7917,TCP/IP
8583,Java
8949,javascript
9934,html
8997,javascript
10186,SQL
5819,html
7358,backbone
10556,rails
6112,R
10442,git
9999,LAN
5558,Python
9211,LAN
5752,UNIX
7776,vue
10425,R
10516,backbone
9058,Ruby
8039,javascript
5509,rails
6476,Java
6182,backbone
4881,php
7269,html
4848,Java
10043,hypothesis testing
5048,vue
9229,javascript
5761,angular
8066,WAN
5647,javascript
6202,javascript
10533,regressions
7267,rails
10345,css
5710,SQL
9781,angular
9533,angular
4941,TCP/IP
7993,react
6218,react
10137,php
4868,django
5341,Ruby
8872,Java
4771,regressions
8907,C#
9401,php
10108,WAN
7069,git
10002,html
9620,rails
6204,regressions
4957,C++
4651,UNIX
9836,SQL
8139,C++
7710,statisticalinference
5754,javascript
7424,javascript
7861,angular
9058,javascript
7604,angular
7680,javascript
8324,LAN
6065,git
7652,hypothesis testing
5490,javascript
5763,git
8202,ML systems
4750,regressions
6959,vue
7644,hypothesis testing
6009,Mean
8641,django
10096,django
5387,regressions
6604,Python
4710,git
6631,php
5798,git
6613,angular
5785,angular
6304,php
8790,react
9732,R
9201,angular
6859,angular
7033,django
4643,rails
6262,css
7432,html
8811,javascript
7578,vue
9687,rails
9636,hypothesis testing
10098,backbone
10489,css
7505,UNIX
6592,statisticalinference
9308,statisticalinference
4847,javascript
8707,php
4929,django
5230,Mean
9093,Python
9367,TCP/IP
7423,php
8304,ML systems
4740,R
8151,php
10066,javascript
6789,ML systems
5200,C#
6581,hypothesis testing
7497,javascript
4671,css
5719,php
4876,git
10334,ML systems
6529,C#
8103,Python
8637,LAN
7664,javascript
7282,javascript
9428,.Net
9877,angular
7364,Ruby
6112,ML systems
5526,hypothesis testing
5103,C#
8177,react
10086,vue
8914,Java
10052,SQL
7435,backbone
10156,backbone
8690,Java
6135,git
9405,git
5631,rails
4724,php
6964,Mean
10568,django
7076,javascript
9914,react
5905,react
6806,ML systems
7688,vue
8187,django
6930,javascript
7266,javascript
8231,hypothesis testing
10511,vue
8530,django
6323,Python
5509,regressions
6594,git
4946,rails
6960,django
9910,css
6944,git
5722,django
8787,vue
8849,javascript
6064,rails
5045,regressions
7408,rails
5532,Ruby
6274,vue
8279,WAN
9718,vue
9075,rails
6165,vue
9832,Python
5462,Mean
6828,git
6859,UNIX
9984,backbone
9625,backbone
10078,angular
5972,react
6311,Java
7916,statisticalinference
4845,backbone
5345,git
6423,css
8921,TCP/IP
10019,vue
7313,statisticalinference
4615,Python
7114,Ruby
9346,statisticalinference
8141,react
5154,html
5429,regressions
5751,TCP/IP
7470,git
8872,react
9296,ML systems
4643,WAN
7958,django
7991,rails
7016,css
9374,react
5580,Python
5265,rails
6805,php
7125,html
5444,backbone
4613,vue
5783,backbone
10218,angular
5720,hypothesis testing
6723,angular
9274,javascript
8372,git
10230,R
9580,django
8710,vue
4593,php
5215,rails
5392,rails
5702,vue
10167,git
8919,UNIX
5354,statisticalinference
5333,html
4794,SQL
7630,angular
5371,html
5012,css
7586,Python
6334,hypothesis testing
10278,git
6466,react
6997,SQL
9382,rails
8896,TCP/IP
7905,hypothesis testing
7249,TCP/IP
10138,react
5401,php
5836,javascript
8283,R
6086,git
9051,angular
7448,.Net
8514,regressions
4779,LAN
5816,.Net
7490,TCP/IP
5263,git
8885,.Net
8562,git
10521,angular
9119,hypothesis testing
5229,angular
5123,SQL
7735,javascript
7428,statisticalinference
5337,Mean
5667,R
8420,LAN
10530,Java
7349,backbone
6545,css
9160,vue
4622,backbone
5639,vue
5868,javascript
9212,rails
7260,vue
8404,php
5458,regressions
6129,django
4828,javascript
10284,git
5111,angular
7014,php
6813,regressions
8284,regressions
9748,.Net
5203,ML systems
6335,TCP/IP
8052,hypothesis testing
7894,rails
8678,css
10104,javascript
6553,ML systems
10354,vue
10465,php
9032,.Net
5746,C#
9546,git
6629,C#
5727,php
6791,backbone
6507,git
5049,css
5985,html
5892,angular
5413,react
4822,Python
7644,Ruby
5386,.Net
9423,git
6818,django
8432,css
4794,hypothesis testing
9680,statisticalinference
8566,WAN
7245,Mean
6778,git
7229,html
6189,Ruby
10038,SQL
6458,hypothesis testing
5172,html
6322,django
8044,TCP/IP
7316,vue
7030,angular
7344,git
7816,django
5299,django
5755,rails
7263,hypothesis testing
5055,Mean
8583,git
10265,LAN
7648,php
5136,html
6911,angular
5566,Java
5714,Java
6052,ML systems
10154,git
10456,R
9236,css
9173,django
7955,TCP/IP
9763,javascript
7159,css
10361,WAN
9338,R
5894,angular
9743,angular
4975,css
8244,html
7075,css
6509,Java
8234,react
6825,C++
8320,LAN
8820,Java
7570,css
9679,C++
10105,LAN
5206,hypothesis testing
8222,git
9203,rails
6158,Mean
7489,UNIX
6592,hypothesis testing
5425,css
5075,javascript
9246,vue
8355,php
9069,backbone
8800,Python
7377,Java
4922,vue
6165,php
6367,git
6792,php
7865,C++
5074,php
9031,css
7387,ML systems
9190,vue
10331,angular
9068,vue
9708,vue
10325,php
10461,vue
5487,C++
6407,javascript
9262,statisticalinference
5283,javascript
8427,SQL
10375,django
8210,TCP/IP
5938,css
8665,php
9342,css
8693,rails
5638,Python
7660,ML systems
9697,rails
5033,css
9795,angular
7141,TCP/IP
9155,ML systems
6475,django
8533,vue
5624,statisticalinference
7201,.Net
4672,html
8592,react
6103,rails
5452,Ruby
9614,rails
9111,react
5669,statisticalinference
5413,Java
10065,C++
8099,regressions
9340,ML systems
9813,vue
5816,django
4921,Java
6872,django
8642,css
7358,ML systems
5680,php
9927,javascript
7414,javascript
10575,vue
10441,C++
5850,LAN
9847,html
9553,hypothesis testing
8563,django
7427,react
8865,react
5089,backbone
9174,WAN
5936,vue
9319,R
5237,angular
9130,javascript
10153,WAN
8822,statisticalinference
10481,C#
10365,javascript
9555,C++
10071,UNIX
10187,javascript
8935,statisticalinference
8307,html
6816,php
9854,html
8117,rails
7838,WAN
10106,css
7786,WAN
5149,vue
4625,react
5228,C#
8762,rails
6435,backbone
8216,backbone
9340,Java
6907,django
4658,TCP/IP
8990,C++
6735,UNIX
7763,regressions
5401,.Net
7696,django
7967,angular
5123,backbone
6326,UNIX
10326,Python
4919,css
5240,git
8216,php
6737,rails
8664,C++
9909,rails
8358,javascript
4949,css
8190,regressions
8375,vue
6479,statisticalinference
7368,rails
7440,react
7259,backbone
6059,django
6910,Mean
9887,react
4631,angular
7663,html
6693,react
8178,Java
7311,angular
8723,django
7810,css
9804,SQL
9218,C#
9787,statisticalinference
4704,angular
9592,hypothesis testing
7530,C#
6752,git
7702,backbone
5812,css
4992,css
6356,C#
5494,vue
5497,django
9166,react
9837,C#
4777,ML systems
7629,C++
9485,regressions
7644,django
8532,statisticalinference
7891,rails
5706,SQL
10399,C#
7181,rails
9652,C++
6756,git
10532,angular
6622,statisticalinference
9076,django
10139,backbone
9184,ML systems
10241,Mean
10276,backbone
7290,backbone
7465,C++
9925,WAN
6133,react
8704,javascript
7168,C++
7833,css
5217,.Net
10533,backbone
6407,html
10181,ML systems
9442,Java
10352,git
7950,ML systems
9009,html
7157,react
8218,git
10134,.Net
8258,angular
6044,Python
7514,TCP/IP
5957,backbone
8759,Ruby
6773,R
7790,css
5832,C#
8024,php
5601,php
10174,.Net
8085,ML systems
5013,git
5427,git
8031,django
10359,hypothesis testing
7166,react
10190,C++
8576,regressions
8130,git
7828,Python
7809,angular
8116,git
9394,git
8757,rails
7103,backbone
6117,rails
7340,C#
5695,html
9705,html
8868,regressions
7865,UNIX
8366,Python
6380,WAN
7171,php
9351,react
4689,backbone
10385,Ruby
10016,rails
9887,rails
6969,html
5606,SQL
9101,javascript
5882,LAN
4762,css
7839,angular
4675,css
10223,regressions
7917,vue
8235,angular
8196,ML systems
7636,regressions
4865,react
9229,Java
4650,backbone
8274,git
9679,javascript
9033,git
10322,LAN
8421,django
9661,css
8682,backbone
9332,backbone
7042,django
5542,javascript
9543,php
10065,vue
5992,Python
8581,rails
8189,backbone
9300,angular
8291,html
7797,Mean
9988,django
5184,vue
7239,css
7312,rails
8469,hypothesis testing
9420,rails
6681,.Net
9240,react
5775,.Net
8095,Mean
6482,regressions
5164,git
8279,django
9196,Mean
5547,statisticalinference
6484,javascript
9129,react
8285,javascript
7354,C#
6843,git
9237,Mean
9764,html
7217,css
10467,vue
7040,C++
9066,javascript
4649,WAN
9320,vue
8729,UNIX
6797,TCP/IP
5847,react
7080,html
7985,vue
8456,SQL
8790,.Net
5821,php
9454,ML systems
6054,C#
7869,javascript
9633,django
5251,backbone
5521,SQL
9751,R
6181,django
9084,css
9145,C#
5913,UNIX
8413,LAN
7360,php
5979,R
9404,git
9808,LAN
7433,LAN
5267,TCP/IP
7116,html
5478,backbone
8511,rails
4942,angular
5221,php
10165,git
5958,git
7829,vue
9761,react
8154,Java
9801,css
10305,rails
7306,C++
5459,statisticalinference
8969,javascript
8866,Ruby
4784,hypothesis testing
4676,hypothesis testing
7650,git
7082,Python
6333,vue
7841,hypothesis testing
8204,php
6570,R
5278,django
7254,javascript
7487,react
8292,C#
4731,Java
6821,C++
10186,vue
7313,C++
10020,WAN
6010,Ruby
7686,C++
9845,git
7796,vue
8942,backbone
5343,javascript
7403,regressions
9525,.Net
9157,.Net
8625,WAN
10430,Mean
8319,rails
6865,R
5098,javascript
7718,Ruby
5210,TCP/IP
10469,css
9278,react
8806,css
8311,git
6823,Java
7409,rails
5377,Mean
6552,vue
10246,regressions
4819,backbone
5654,php
8417,angular
8446,html
4957,.Net
6780,.Net
10102,WAN
9263,ML systems
9739,Python
6242,javascript
10155,vue
8816,angular
7985,django
10457,vue
7241,backbone
6004,UNIX
9274,php
6189,.Net
8206,hypothesis testing
9701,TCP/IP
4699,backbone
4766,php
10023,html
10209,git
8211,backbone
6341,vue
5530,css
9410,css
6235,angular
9527,html
6713,LAN
8177,rails
5846,javascript
9320,Mean
10322,.Net
7116,statisticalinference
7139,git
9815,react
9769,WAN
6203,php
6560,regressions
10342,TCP/IP
6762,django
8041,statisticalinference
6507,php
8591,javascript
6229,angular
4641,SQL
5546,SQL
7321,LAN
8577,ML systems
7908,git
6270,statisticalinference
9752,TCP/IP
6624,javascript
8525,LAN
9249,backbone
8864,rails
10145,hypothesis testing
5598,angular
5170,rails
5607,regressions
6767,Mean
8094,C++
6462,rails
7701,Java
9890,C#
10271,C++
6949,javascript
7607,css
8223,Python
6139,css
9133,angular
4730,regressions
7202,git
5131,django
8342,javascript
9298,ML systems
7748,C++
5036,html
7680,backbone
7105,django
9392,TCP/IP
8590,php
8262,css
8292,LAN
5112,css
5939,backbone
7290,php
9135,rails
7002,Ruby
5205,regressions
5419,vue
8102,Mean
7458,django
10138,SQL
5590,backbone
6445,php
8053,javascript
10250,SQL
5110,Python
7179,css
8159,angular
5141,C++
6227,git
7272,git
9537,git
9194,css
4671,javascript
8859,javascript
7303,rails
8802,Python
10082,backbone
7924,django
9657,php
4647,Mean
8129,regressions
4988,vue
6822,backbone
6253,react
7634,rails
9655,Ruby
8650,TCP/IP
9542,php
6768,javascript
6816,C++
5789,backbone
6711,php
5811,css
5185,backbone
6103,Mean
8750,C#
9803,backbone
9169,vue
8701,react
8715,rails
5014,php
7544,statisticalinference
8849,backbone
8021,git
10321,git
4901,html
9794,Ruby
6358,git
6142,php
5861,django
6354,django
8787,backbone
5836,C++
8736,vue
4928,TCP/IP
10561,WAN
5541,Ruby
9185,TCP/IP
4641,javascript
8513,react
9246,SQL
5791,UNIX
5351,WAN
5107,UNIX
5756,Python
8422,git
8220,Python
7870,regressions
4999,WAN
7849,backbone
10414,statisticalinference
4915,vue
8017,C++
6798,R
4593,hypothesis testing
6418,Python
6895,html
8278,UNIX
5999,react
7836,UNIX
10110,javascript
8543,django
9011,backbone
6503,C++
8358,html
7748,django
8520,django
4796,javascript
6306,git
5741,hypothesis testing
10289,django
9747,javascript
4916,javascript
9448,Java
10155,regressions
9618,TCP/IP
9847,.Net
6706,git
8322,Mean
5299,UNIX
8093,hypothesis testing
9077,C++
8222,Mean
7722,statisticalinference
7299,angular
7589,css
8899,.Net
8344,php
8281,C#
9970,Ruby
5692,git
10171,git
10349,TCP/IP
6621,SQL
8818,R
6849,SQL
10116,rails
9285,css
6554,Python
9944,Java
9700,php
8188,LAN
10545,vue
6742,javascript
6414,ML systems
8004,git
10169,hypothesis testing
7342,backbone
7378,git
8723,LAN
7397,WAN
4802,vue
5948,C++
5586,vue
10395,backbone
7600,vue
5859,css
7483,angular
7671,hypothesis testing
5602,.Net
6360,statisticalinference
9131,css
5910,react
4703,UNIX
6352,php
8847,.Net
8776,C++
8762,LAN
9790,backbone
4733,php
8634,SQL
6228,C#
10206,git
10361,.Net
4628,TCP/IP
5983,angular
8929,Mean
10560,WAN
6262,css
8503,Java
4911,Ruby
9313,ML systems
6478,TCP/IP
7582,vue
5138,regressions
8822,regressions
8320,react
8553,django
6329,C++
9287,Java
10204,hypothesis testing
9323,css
10251,statisticalinference
6169,css
6611,R
4847,C#
9997,.Net
9844,css
6296,git
4669,WAN
5916,react
9461,php
4709,php
10551,Mean
4884,Python
7578,WAN
4604,UNIX
5126,django
9554,C#
4999,LAN
9913,rails
7283,git
7586,UNIX
6602,html
8183,hypothesis testing
7927,backbone
8933,django
6045,R
8393,html
5229,react
7088,html
8719,backbone
4863,javascript
6687,vue
10321,rails
6449,C#
9582,UNIX
4898,html
5904,javascript
8250,html
5283,rails
7848,html
4722,php
8971,backbone
8193,backbone
5743,LAN
9588,TCP/IP
9724,LAN
8813,statisticalinference
8041,SQL
5518,LAN
5902,css
7207,react
8494,ML systems
5925,regressions
8506,UNIX
7615,regressions
4892,WAN
8481,rails
5871,react
8697,R
9710,C++
4939,vue
6858,C#
6172,Python
5948,hypothesis testing
5254,git
7773,git
6089,TCP/IP
8565,UNIX
8190,WAN
7408,Mean
8878,TCP/IP
9826,react
8163,Java
8144,css
5279,git
7099,angular
10279,vue
9058,ML systems
6393,WAN
4918,angular
7907,backbone
8484,Mean
9159,LAN
9685,.Net
7182,css
4597,TCP/IP
9569,rails
5354,django
7921,vue
5600,css
6635,git
8175,Ruby
8228,TCP/IP
6285,.Net
7933,javascript
5477,css
6688,hypothesis testing
6594,javascript
9885,ML systems
7005,git
5463,hypothesis testing
10413,php
7714,git
9583,backbone
6673,C#
10150,rails
8958,react
7129,react
5695,php
5057,regressions
9876,Java
6355,angular
8431,javascript
6416,backbone
10057,css
7776,Java
8453,.Net
6033,Mean
5195,backbone
5954,javascript
5568,javascript
8722,angular
7297,react
9288,vue
5473,statisticalinference
6349,WAN
9308,backbone
7305,UNIX
8661,regressions
8623,regressions
8037,git
8401,Ruby
6135,hypothesis testing
8348,C#
4840,react
6972,git
8537,rails
9973,git
5424,hypothesis testing
6610,C#
4990,git
7982,regressions
5775,R
8006,git
4916,hypothesis testing
7129,angular
7728,rails
9800,Ruby
4655,django
4729,Java
10441,SQL
9772,css
5286,.Net
9830,Python
7451,rails
5946,C#
8084,django
7262,react
10533,TCP/IP
10536,php
5849,C#
10276,javascript
5077,django
8411,css
7570,backbone
10512,rails
6456,vue
4685,css
5910,statisticalinference
6485,Ruby
6537,css
8736,backbone
5478,git
7525,git
10261,react
9946,vue
7128,vue
9325,Mean
4993,rails
6795,backbone
5665,vue
4685,C#
7286,css
5733,Python
6560,react
5201,regressions
8524,angular
7276,Mean
5810,html
7274,Ruby
8764,php
9575,css
10155,LAN
9451,hypothesis testing
5120,react
9975,git
8374,django
8260,css
8727,WAN
10173,django
9331,Ruby
9409,backbone
10517,Python
5184,rails
6545,rails
6039,backbone
5602,css
8472,php
5734,django
5351,vue
4603,php
5512,regressions
7181,react
8222,.Net
9963,html
6267,SQL
5514,git
5398,statisticalinference
7205,backbone
6918,vue
6241,ML systems
7338,angular
10178,javascript
5713,C++
9671,react
4857,php
8860,angular
8003,rails
7047,hypothesis testing
5358,html
10338,rails
9275,css
8633,LAN
10477,rails
4672,SQL
9672,backbone
7891,django
6837,git
4607,backbone
9460,django
4890,git
5006,Java
6634,TCP/IP
6507,rails
5388,WAN
5400,rails
8493,hypothesis testing
6935,react
6709,css
8644,javascript
7760,html
7818,regressions
4902,react
7913,Mean
5026,C#
10058,.Net
5062,javascript
10276,django
10337,django
5455,react
7987,django
8148,C#
7605,php
7477,.Net
6716,C#
9684,javascript
7909,css
5698,C#
4763,php
5350,vue
10336,backbone
8680,statisticalinference
5968,C++
10546,.Net
5942,Java
10562,Java
9151,html
10106,Python
7543,html
10533,django
10024,vue
10133,WAN
5486,javascript
9437,django
6995,angular
10169,css
5047,C++
5464,javascript
10354,vue
6440,vue
5987,LAN
7157,statisticalinference
6010,rails
8778,vue
9213,Mean
9744,ML systems
5730,Java
5847,ML systems
8752,R
10151,html
4879,vue
6718,UNIX
8001,.Net
10072,git
9856,html
10279,Ruby
5557,html
5667,php
6294,WAN
5575,django
4904,statisticalinference
6471,react
7418,git
6038,statisticalinference
7221,rails
7126,rails
6298,C++
4968,R
9417,regressions
4954,Ruby
9255,statisticalinference
10131,react
7689,WAN
9328,Java
10542,php
9621,html
10576,UNIX
5002,Ruby
10219,git
7769,Mean
10066,UNIX
5684,vue
8157,backbone
8926,css
8584,TCP/IP
9861,git
9755,angular
9736,git
10496,statisticalinference
5026,react
7310,backbone
8962,css
10358,.Net
7758,rails
7575,Ruby
8402,angular
8228,ML systems
8702,html
5251,rails
8884,css
9191,Ruby
8422,vue
8602,hypothesis testing
5484,react
10135,backbone
7962,WAN
10158,C++
6294,LAN
7195,Ruby
7778,html
7793,regressions
9079,hypothesis testing
10187,html
7562,C++
5090,C++
9769,html
6580,R
10053,git
5823,Ruby
5647,git
5059,react
7854,Ruby
4956,hypothesis testing
7234,TCP/IP
5575,R
5079,regressions
7487,php
4995,Python
4658,Python
10285,react
9115,Ruby
6817,backbone
5691,html
6054,SQL
5552,backbone
8676,javascript
5865,git
8425,angular
5841,html
7945,WAN
8965,react
6877,rails
9651,vue
8126,regressions
9265,css
6469,hypothesis testing
7745,statisticalinference
5454,regressions
9118,Ruby
10374,SQL
10090,regressions
5503,django
4778,.Net
5705,javascript
7547,javascript
8769,html
6497,html
8935,vue
7953,rails
8675,WAN
9543,TCP/IP
7547,LAN
5941,angular
8577,php
5859,UNIX
8863,vue
6819,regressions
4740,Mean
6260,Ruby
8102,hypothesis testing
9573,LAN
5320,R
6200,.Net
5893,php
8702,SQL
7680,backbone
7323,git
8972,django
7249,vue
7520,vue
10252,javascript
9871,html
8509,angular
7048,LAN
5928,rails
7852,R
10303,git
9096,react
7403,html
9862,rails
7423,statisticalinference
10184,git
4679,Ruby
5524,html
5805,django
7616,php
8823,css
5841,css
6377,php
5036,git
8376,TCP/IP
8683,LAN
5669,git
5457,regressions
4797,LAN
5464,ML systems
7847,UNIX
9324,SQL
7569,javascript
4842,php
6533,backbone
8826,R
5679,regressions
5455,R
5406,.Net
6398,react
5133,html
8127,.Net
4830,javascript
8589,django
9302,LAN
10242,Ruby
8129,Ruby
9389,C#
9708,vue
5395,angular
8166,django
10259,TCP/IP
8402,php
7440,css
7924,php
8295,Java
8392,django
9587,react
5609,Mean
5329,TCP/IP
5470,css
8436,git
9956,css
5271,backbone
9977,react
8913,git
9992,git
5677,vue
8811,git
10449,statisticalinference
7885,hypothesis testing
5818,javascript
6766,backbone
9711,ML systems
5925,backbone
7194,javascript
5453,git
5972,git
6572,django
7582,rails
6660,php
4723,UNIX
8997,php
8846,git
6487,vue
4910,TCP/IP
9808,WAN
4792,C#
9915,git
6285,php
5801,regressions
9622,css
9162,SQL
8830,react
9374,css
7129,.Net
8172,Ruby
9076,html
7742,html
6504,git
4723,html
6529,regressions
5671,html
8630,javascript
9538,TCP/IP
7398,php
5291,git
8460,javascript
7831,statisticalinference
8846,UNIX
8322,php
7795,LAN
4943,rails
8218,backbone
7084,git
10006,react
5385,hypothesis testing
5187,css
10185,html
8329,php
8785,react
8098,angular
9532,C#
8017,UNIX
6106,vue
4733,javascript
6065,Python
6341,php
8113,regressions
6666,react
6858,C#
9864,SQL
9770,.Net
9967,git
8208,angular
9628,Java
7853,angular
4696,react
9486,vue
10497,rails
7081,TCP/IP
5388,Java
10271,django
10034,git
6515,C#
9347,html
8966,rails
5471,php
5007,LAN
7290,rails
5496,django
4784,C#
8236,php
7119,backbone
4961,C++
5883,backbone
6547,UNIX
7152,angular
9712,django
8538,git
9340,php
10516,backbone
4689,backbone
9554,Java
7056,vue
6694,git
10108,LAN
8286,backbone
4655,rails
7161,git
9777,vue
8504,django
10312,Java
7309,TCP/IP
7838,css
4799,WAN
6254,backbone
7449,backbone
5543,html
10569,backbone
10135,Python
8609,css
4679,rails
8395,html
7491,rails
6681,git
4693,R
5864,javascript
5850,react
8561,UNIX
9849,statisticalinference
5083,rails
5854,ML systems
5895,Ruby
9448,git
4768,javascript
10117,git
4654,django
10178,angular
5747,html
5060,css
6052,statisticalinference
7068,rails
8434,css
9459,angular
5816,angular
6627,UNIX
7365,php
7684,html
7213,UNIX
5894,css
10018,angular
8674,vue
10463,Mean
5489,C++
8454,angular
4884,django
4704,UNIX
6046,javascript
5861,Java
9444,regressions
7803,UNIX
7583,javascript
9647,.Net
7056,Java
6841,statisticalinference
5547,vue
9908,C#
7690,javascript
8500,Mean
9087,WAN
6847,rails
10423,git
9337,SQL
9537,hypothesis testing
6718,git
6787,angular
8791,UNIX
10359,git
7611,regressions
9229,react
8265,C#
6647,angular
10101,.Net
4591,angular
9102,regressions
6310,backbone
8306,html
5774,vue
5596,javascript
8182,backbone
9549,hypothesis testing
9875,statisticalinference
8708,html
10499,css
5826,django
8296,html
9896,vue
6285,vue
8478,C++
9269,php
4758,statisticalinference
9071,php
10358,css
5306,SQL
8362,regressions
6313,css
6485,vue
6424,rails
8799,LAN
6695,django
8031,ML systems
7518,php
6475,react
7133,angular
8014,vue
9384,SQL
9244,git
9477,backbone
9672,git
7253,Ruby
6893,react
7519,git
7026,angular
7159,R
6698,php
10404,html
8653,WAN
10440,javascript
10010,html
7193,ML systems
9471,django
8323,.Net
7780,regressions
7811,C++
5208,vue
7089,vue
7055,UNIX
7126,R
7077,django
9717,.Net
5562,ML systems
7184,Mean
6331,hypothesis testing
6429,html
7532,javascript
6669,Java
8542,react
10457,git
10514,rails
7656,SQL
9105,php
4684,hypothesis testing
8738,C#
8503,rails
7275,SQL
8159,rails
9923,git
4594,django
8886,Python
10239,Ruby
8448,R
6555,git
6600,regressions
5442,angular
10145,php
9165,rails
7441,backbone
5265,TCP/IP
9344,vue
9531,django
10479,django
10507,php
8861,angular
7990,regressions
7978,C++
5007,statisticalinference
5217,UNIX
8804,html
7925,django
5569,C#
5578,php
8182,javascript
9620,Ruby
6006,hypothesis testing
6071,git
4616,.Net
6638,html
10282,regressions
6003,django
7574,django
9061,regressions
9468,django
10224,rails
9993,statisticalinference
7329,.Net
9573,django
4975,backbone
6859,vue
9472,php
7159,git
8229,php
5183,javascript
10127,vue
6114,django
8518,php
9671,statisticalinference
8892,html
6874,git
10029,html
9739,html
6322,rails
9638,UNIX
5421,backbone
8185,Ruby
10347,react
10108,git
9439,rails
9942,R
4624,html
5979,javascript
7436,javascript
7190,.Net
7894,django
7490,Java
6668,git
8030,Ruby
5657,css
6547,Ruby
10515,django
5294,Java
7961,backbone
10542,R
8086,angular
9328,Mean
8027,statisticalinference
6639,react
8313,rails
4593,Java
8643,Mean
9136,R
9515,C++
7816,javascript
7000,backbone
8601,.Net
7359,backbone
6974,C#
7521,.Net
6791,javascript
5277,hypothesis testing
10138,regressions
6126,C#
6582,react
6537,react
8841,C++
9304,react
4664,Ruby
5209,react
6276,Mean
6755,react
10121,css
9223,UNIX
5119,git
4760,html
8993,git
8679,angular
5503,backbone
9867,Mean
10404,git
8697,html
9559,ML systems
7242,rails
10525,html
8089,regressions
4648,javascript
7574,javascript
7424,php
9256,UNIX
9131,django
7880,backbone
5316,vue
7699,Python
9683,rails
9337,Python
6568,WAN
6017,git
8350,ML systems
5202,hypothesis testing
8051,regressions
6104,ML systems
5363,javascript
6014,C++
10453,react
8461,html
6386,css
9812,LAN
7448,TCP/IP
4838,statisticalinference
5871,TCP/IP
10250,vue
4821,javascript
8812,regressions
5106,hypothesis testing
10183,Mean
10522,angular
9704,LAN
7798,R
9498,WAN
8148,git
7757,ML systems
6905,html
9008,css
5571,backbone
5923,angular
9902,git
7725,LAN
10208,rails
10372,php
6753,UNIX
8011,Ruby
4842,LAN
7658,Python
7627,UNIX
10552,php
6635,regressions
4676,css
5813,git
4693,vue
6222,css
10017,angular
9458,WAN
5553,rails
6421,Java
8863,angular
8933,statisticalinference
4592,SQL
7193,Java
5687,Java
5055,WAN
4813,.Net
9780,django
7482,html
4627,django
9183,hypothesis testing
10144,css
7976,php
6833,ML systems
5765,html
8307,C++
5774,regressions
4715,backbone
7363,php
4824,rails
7559,rails
8430,rails
8909,css
6430,php
8697,backbone
6799,git
6510,hypothesis testing
5666,rails
10446,git
8720,Java
5987,hypothesis testing
5533,css
5684,javascript
5994,.Net
5180,hypothesis testing
5012,SQL
4973,rails
6441,react
8532,javascript
9826,git
5465,SQL
5443,vue
7697,backbone
8690,javascript
9475,LAN
6358,statisticalinference
6435,R
5206,php
8763,angular
7027,git
9502,git
6324,C#
7036,UNIX
9982,vue
9663,ML systems
6770,django
6499,backbone
7710,git
7364,Java
7379,UNIX
10356,SQL
5116,vue
5980,vue
5645,git
10481,regressions
7918,django
5459,backbone
5926,css
5682,rails
8818,ML systems
7932,C++
10579,ML systems
9227,Java
8636,git
4823,Mean
9401,git
5194,Ruby
9054,TCP/IP
4621,TCP/IP
9174,ML systems
7372,vue
6102,django
8845,html
8595,rails
7764,regressions
5996,.Net
5592,html
8925,rails
9839,git
8607,WAN
9734,regressions
7577,Mean
6841,vue
8126,javascript
9615,Java
8799,vue
9999,hypothesis testing
4936,html
9751,css
7987,SQL
7547,ML systems
10293,Ruby
6249,Java
8889,statisticalinference
10139,backbone
4673,SQL
6292,regressions
9978,git
6579,UNIX
9608,R
9944,rails
6330,javascript
5551,Python
8090,css
10526,css
4739,R
6719,php
10284,git
10030,rails
8804,css
5198,SQL
5708,TCP/IP
5412,git
4689,backbone
9577,SQL
8730,.Net
5335,regressions
6006,javascript
6363,git
9227,git
7614,C#
9753,C#
6607,WAN
9393,django
9152,javascript
7620,.Net
8114,regressions
9967,Python
7649,javascript
7807,SQL
8044,git
6226,react
7901,git
8674,Ruby
9519,javascript
4872,R
9974,rails
10273,Python
6514,git
10337,html
9847,react
8704,javascript
8390,regressions
6510,Java
7089,Ruby
6158,react
8232,WAN
9801,css
10415,git
6830,backbone
7823,Java
7430,LAN
6594,ML systems
4592,angular
9233,statisticalinference
9642,angular
8064,css
6364,css
10495,UNIX
6960,WAN
5346,Ruby
5677,html
9660,git
5312,rails
7077,backbone
5946,javascript
7292,Ruby
5041,django
6765,css
9272,react
6424,hypothesis testing
8635,backbone
8154,TCP/IP
4690,LAN
8557,angular
10118,regressions
7542,Ruby
10566,C++
6071,vue
7990,Ruby
6191,vue
5826,rails
4814,javascript
10117,html
5321,C++
7721,vue
9269,angular
5927,html
5321,LAN
10522,vue
5898,R
8803,backbone
9517,javascript
5976,react
8455,C++
5929,vue
4698,react
8255,javascript
7628,angular
6444,ML systems
7052,UNIX
9452,html
8837,css
8196,html
10167,SQL
7504,Mean
4809,html
10083,vue
9639,hypothesis testing
10512,php
10430,regressions
5349,javascript
9879,Java
9172,Ruby
6829,react
9227,javascript
8043,C#
9892,rails
7215,php
7871,react
9589,SQL
5122,react
5102,rails
7825,javascript
9006,git
5684,Ruby
7536,angular
9450,rails
10360,css
10315,html
5600,php
9077,javascript
7303,R
4787,javascript
7524,LAN
8095,vue
7363,UNIX
5564,Java
7755,php
4886,Mean
5071,backbone
5108,rails
7545,SQL
9725,WAN
5090,C#
8837,angular
8372,rails
10046,WAN
5656,django
5148,css
8252,C#
10495,django
7632,html
6409,git
5296,C++
8621,html
10239,rails
6268,.Net
6420,javascript
9939,react
9505,javascript
8779,Mean
9096,django
10348,Ruby
5215,LAN
9511,ML systems
5611,Java
8057,R
4994,javascript
7644,angular
9291,git
7902,javascript
10083,backbone
10581,Ruby
7949,.Net
5489,php
6301,backbone
7827,rails
6974,backbone
8495,hypothesis testing
8954,SQL
8144,C++
10472,statisticalinference
8756,R
7222,php
5379,regressions
6449,C#
4657,.Net
10463,Java
7930,backbone
6143,statisticalinference
10400,ML systems
5520,git
8083,git
9303,git
7647,react
4829,Mean
5200,rails
5240,statisticalinference
6273,git
4951,javascript
10053,rails
9624,ML systems
6306,Java
5991,statisticalinference
5818,regressions
10000,css
6002,rails
6128,C#
9327,rails
9738,angular
7327,hypothesis testing
5917,Python
6455,hypothesis testing
9020,git
8330,LAN
8039,R
6759,css
7980,angular
4781,C#
5174,.Net
9608,C#
8635,php
6706,angular
4835,javascript
7770,rails
8489,statisticalinference
6966,react
8748,Python
9043,django
6390,git
10297,C#
6490,Mean
6483,Mean
9923,TCP/IP
10127,git
7518,Python
5414,git
10056,UNIX
5780,R
9149,statisticalinference
10090,SQL
9295,angular
9707,javascript
5825,UNIX
9507,django
7158,Mean
5959,Java
9076,C#
8788,django
10242,.Net
8668,angular
8221,C++
7741,ML systems
7893,css
7873,vue
4710,angular
10528,php
9361,javascript
5868,Java
9200,Ruby
5442,django
7860,angular
9205,statisticalinference
5310,angular
6830,UNIX
7410,ML systems
10485,Python
9732,php
10208,vue
7168,UNIX
5693,hypothesis testing
4781,html
5747,WAN
9613,css
6388,Ruby
10234,rails
10132,hypothesis testing
4824,backbone
5468,php
8063,react
5432,django
4946,rails
8486,backbone
10091,django
5722,Mean
6907,Ruby
8066,php
8759,TCP/IP
5366,javascript
5788,angular
7581,javascript
4677,LAN
6614,django
7207,php
8679,vue
4901,TCP/IP
8722,C#
6168,django
5601,css
9383,css
7905,angular
6035,C#
6943,vue
5647,hypothesis testing
4750,TCP/IP
4712,rails
8012,Java
10108,javascript
4984,Ruby
5410,django
9818,Python
10314,rails
6109,react
5875,php
7505,R
9451,.Net
7991,php
8485,statisticalinference
9452,angular
8163,vue
9888,react
6853,C++
5326,php
8515,TCP/IP
5236,SQL
4930,.Net
7538,backbone
6796,html
9053,django
9140,backbone
6551,SQL
4770,javascript
8914,angular
4831,javascript
9896,Ruby
9117,css
8666,vue
10209,statisticalinference
8563,vue
9129,javascript
8234,php
6154,Python
5576,react
8521,backbone
6610,php
8910,git
7233,vue
6606,C#
6948,SQL
9368,SQL
5455,UNIX
5867,Ruby
8591,react
8502,Java
9742,Ruby
9009,css
8695,css
4609,html
6622,php
4858,C#
7632,Java
7712,javascript
8451,git
7721,ML systems
10503,angular
5545,css
4659,react
5025,hypothesis testing
9798,angular
7795,hypothesis testing
5300,javascript
10374,django
8736,Java
5694,R
6965,vue
7463,Ruby
10565,angular
5912,C#
8015,php
9219,git
5687,LAN
4593,C++
5770,C#
5901,C#
9318,rails
10190,backbone
4659,rails
7673,vue
7820,.Net
7580,Java
8455,javascript
6068,LAN
7292,LAN
7360,php
8963,backbone
7650,css
5509,Ruby
9295,django
5793,LAN
7966,.Net
6952,WAN
6683,regressions
6371,html
8061,php
5594,angular
5347,react
7815,hypothesis testing
5142,vue
9377,react
5254,php
8386,git
5092,SQL
5355,angular
8162,statisticalinference
8415,django
8200,django
5423,backbone
4990,TCP/IP
6001,angular
4884,git
6493,Python
5046,html
4873,Mean
9084,git
5020,backbone
7226,ML systems
9326,react
5592,react
5967,Ruby
10158,SQL
10114,git
10144,backbone
10221,SQL
5520,backbone
5972,.Net
10499,html
5326,git
8508,TCP/IP
9961,angular
9210,Python
5431,git
8052,R
8321,ML systems
4742,SQL
9548,Python
9601,Java
9572,Mean
10202,html
10440,backbone
6095,php
10437,php
9490,html
7058,javascript
7674,Mean
6084,css
9564,C++
9654,C++
10045,.Net
9332,R
8186,C++
4903,backbone
5898,.Net
7716,react
8767,css
8487,django
6273,LAN
9797,git
5083,C++
6658,rails
5653,UNIX
6803,vue
7440,R
10304,git
5484,django
8285,javascript
9023,php
6205,angular
7447,Python
9324,html
8582,C#
5348,Python
9011,ML systems
8865,html
7544,C++
9970,TCP/IP
6820,css
8749,rails
8745,C++
9555,SQL
6932,django
7826,git
4772,git
5480,angular
5387,git
5591,django
5234,angular
8185,django
4629,Python
8460,rails
6338,statisticalinference
8026,UNIX
9353,C#
8843,django
4872,Ruby
9039,hypothesis testing
4708,react
7303,angular
6176,django
8316,Ruby
7553,regressions
7008,javascript
5051,SQL
8646,UNIX
5758,ML systems
7949,html
5668,javascript
5821,ML systems
7974,Python
7878,django
6967,angular
5585,regressions
8636,.Net
6394,vue
5939,rails
7334,git
9845,C++
6540,C#
9099,html
8482,css
10539,Mean
9325,vue
7762,git
7094,Ruby
4980,Mean
8080,C++
5894,R
10035,Java
9108,angular
5307,C#
9868,C++
10211,backbone
6681,angular
8466,hypothesis testing
8639,git
5530,C++
4777,C#
10362,backbone
8414,php
8417,regressions
5068,git
10229,php
8363,regressions
10551,statisticalinference
6534,vue
9745,angular
6435,.Net
10334,Mean
8755,php
7005,C++
9426,ML systems
9144,regressions
5953,.Net
9790,ML systems
6678,css
8468,javascript
8323,C#
4953,UNIX
4994,backbone
5212,vue
9565,backbone
10405,rails
5173,angular
7985,LAN
9310,html
8248,html
7771,angular
5810,css
8675,css
8530,react
8518,html
8251,vue
9951,SQL
5732,WAN
6144,git
10456,SQL
8622,django
10150,django
7964,Ruby
6155,react
5393,rails
4688,vue
8522,rails
9049,Ruby
8765,angular
10329,react
9998,vue
5649,rails
4605,git
10537,javascript
8640,angular
6010,react
10513,angular
10522,php
5187,rails
8540,UNIX
4758,git
10346,angular
6801,R
5459,vue
6906,html
6860,javascript
9492,django
9171,rails
7625,TCP/IP
9668,css
7336,rails
9841,WAN
8256,git
5529,html
4832,react
6907,php
6084,R
5305,WAN
8537,backbone
5260,hypothesis testing
7076,UNIX
8026,R
8744,Python
8404,hypothesis testing
5253,react
8740,rails
8321,react
5457,php
9745,git
10544,vue
9457,Python
5902,LAN
5324,hypothesis testing
10487,rails
9075,rails
10328,regressions
5903,django
8564,django
6871,react
5584,rails
5792,django
7644,git
8934,php
6096,Python
9469,rails
4823,regressions
8423,SQL
7772,vue
6787,.Net
7546,WAN
7181,C#
9733,html
7303,backbone
8559,javascript
9016,php
7539,WAN
5401,vue
8525,git
9868,SQL
10155,react
8931,TCP/IP
4728,R
10497,backbone
5905,backbone
7880,php
9371,react
4815,html
7703,SQL
6337,UNIX
7012,django
6660,Ruby
9712,git
4973,rails
4886,rails
6062,django
5300,regressions
5134,R
6529,css
7128,.Net
9466,UNIX
5774,backbone
5830,Mean
6636,statisticalinference
6998,rails
9342,LAN
6925,C++
4669,rails
7452,.Net
7039,html
9308,R
10374,html
8299,php
8042,Python
9420,angular
7647,javascript
4757,vue
6353,hypothesis testing
4944,backbone
5400,rails
8552,react
6266,php
9463,rails
9462,javascript
6266,Python
10290,ML systems
9917,C++
7360,rails
7277,Ruby
6217,django
10358,git
6959,css
9643,regressions
6073,django
9268,javascript
9624,react
10280,angular
6958,rails
9193,html
7745,angular
8888,angular
7742,react
7506,LAN
5778,LAN
6037,statisticalinference
6207,C#
6965,backbone
8314,backbone
7000,rails
6633,react
5463,angular
7215,git
10037,vue
10211,regressions
9217,LAN
7629,git
9799,html
9358,backbone
4823,react
6823,Mean
10391,TCP/IP
10043,Ruby
5076,git
9541,git
4686,django
8793,php
7508,Python
7248,rails
9212,backbone
7001,vue
8561,backbone
8905,Java
5377,Java
8070,php
5704,git
8705,backbone
6047,php
8761,php
6005,django
6517,javascript
5621,django
10051,Python
8798,php
7407,php
5512,css
9860,backbone
6007,react
6920,backbone
8095,vue
9194,react
9954,javascript
7994,git
10433,php
8635,SQL
9836,django
5910,django
7562,hypothesis testing
10062,R
9822,django
8505,WAN
8683,SQL
6544,django
10077,php
9730,backbone
5642,UNIX
6086,TCP/IP
8614,Ruby
8577,statisticalinference
6454,Mean
9192,LAN
9118,R
5362,git
4735,javascript
9597,javascript
10537,Java
8229,TCP/IP
6383,.Net
5314,react
7791,vue
6743,UNIX
5491,php
6126,regressions
6101,WAN
7038,html
6957,css
4603,angular
6999,react
8406,ML systems
9443,php
10216,LAN
8510,angular
8236,backbone
6993,css
9670,backbone
6409,backbone
9014,react
6350,html
6512,C#
8692,javascript
4900,ML systems
6985,backbone
7885,django
5343,html
9135,R
9679,angular
5888,UNIX
7605,statisticalinference
10263,UNIX
8779,Java
8953,rails
10174,rails
6156,vue
10420,hypothesis testing
5249,WAN
7565,C#
4759,php
5723,react
9988,react
6313,html
9138,hypothesis testing
7576,UNIX
5851,django
6433,rails
8209,R
6231,regressions
9642,css
6665,C#
7471,.Net
6482,Python
5319,C++
8789,backbone
8483,rails
7024,rails
6596,vue
8852,git
7987,regressions
7022,statisticalinference
6280,javascript
4607,Mean
8054,django
9486,.Net
7915,rails
10456,php
8031,UNIX
8912,angular
10530,javascript
4815,LAN
10066,.Net
5814,SQL
10354,backbone
9313,html
4708,ML systems
7708,angular
5980,rails
9992,git
7999,Mean
4881,django
7039,html
6210,Mean
7901,html
6231,Python
9163,css
9345,rails
7370,UNIX
8814,statisticalinference
10517,hypothesis testing
4791,php
7824,Python
6187,.Net
6060,TCP/IP
4807,html
9288,SQL
7538,LAN
5927,backbone
8360,ML systems
8927,C++
7208,html
9851,Ruby
7793,hypothesis testing
7774,django
8601,TCP/IP
9831,SQL
10389,backbone
8724,php
8928,Mean
7965,vue
8672,R
8925,UNIX
5975,R
6712,git
5914,Mean
6095,git
9780,php
4769,javascript
4725,html
10224,git
5026,statisticalinference
9188,css
7984,html
6886,WAN
8380,php
8345,react
8637,regressions
8920,html
4668,WAN
7509,vue
4743,html
10493,vue
7400,css
5988,LAN
7373,regressions
6259,Python
7183,javascript
7632,.Net
9083,SQL
6100,php
4774,statisticalinference
7816,.Net
6933,backbone
8862,javascript
7719,git
4901,php
5372,Ruby
7253,C#
8087,Ruby
10433,git
6790,git
4845,TCP/IP
6470,php
5973,javascript
8635,backbone
4805,django
8004,backbone
5731,vue
5896,javascript
10215,vue
5293,vue
10173,vue
8903,SQL
5657,css
9404,regressions
5553,react
5594,css
9518,php
5706,django
7712,angular
9381,git
9370,Ruby
8422,rails
5715,react
8482,TCP/IP
7276,statisticalinference
10299,git
6917,php
6098,ML systems
8214,R
7806,git
9769,react
7321,git
7946,git
9051,html
4811,rails
5017,Ruby
6047,Mean
5737,ML systems
7004,C#
9494,UNIX
7164,javascript
6689,vue
9602,html
8439,backbone
5000,rails
8553,git
7876,hypothesis testing
9747,Java
9404,vue
10180,UNIX
8355,rails
7711,regressions
7340,UNIX
7306,vue
4795,hypothesis testing
9230,html
10429,Ruby
9894,.Net
8513,git
5449,UNIX
9396,TCP/IP
4692,react
10209,php
6573,rails
7065,ML systems
9027,backbone
7354,css
7013,Python
8792,php
5092,backbone
5258,Java
5294,Python
7818,php
7897,Ruby
10266,django
4944,css
5230,backbone
6492,UNIX
5019,css
9427,git
9625,git
5312,Java
6113,react
7251,php
9563,angular
10502,angular
5767,javascript
5201,.Net
4946,.Net
5876,.Net
9309,git
9100,django
9639,git
10503,backbone
9756,react
7859,html
6055,django
4783,rails
6667,UNIX
8471,html
8727,angular
7344,html
8066,.Net
5623,php
6265,SQL
5146,C#
6898,rails
7359,git
8256,C#
10574,R
10289,Java
4980,C++
6247,SQL
7979,vue
6666,TCP/IP
7976,.Net
6899,LAN
7229,.Net
10574,react
8143,git
8653,backbone
5935,angular
6214,ML systems
9280,git
5372,regressions
7666,git
10546,UNIX
6217,rails
8934,statisticalinference
9147,vue
8990,backbone
4760,backbone
8561,rails
9451,rails
6924,react
4650,Ruby
7865,Java
8588,vue
8029,vue
8269,regressions
5703,SQL
7867,LAN
9753,backbone
10011,django
5147,css
10485,statisticalinference
6778,regressions
5674,angular
8266,R
9616,statisticalinference
6895,C#
5032,C++
9788,php
5409,SQL
10549,javascript
5786,django
5506,css
6074,javascript
9741,css
9330,php
5854,git
7033,javascript
5455,hypothesis testing
5288,javascript
8201,react
7307,ML systems
6482,SQL
7710,php
6717,ML systems
6184,javascript
5651,react
9666,git
6035,rails
5132,php
5357,css
9267,javascript
7839,rails
4782,javascript
10431,git
5987,php
6412,C++
7718,WAN
7306,R
7178,git
8634,hypothesis testing
10171,Mean
5157,ML systems
8146,backbone
5021,vue
6524,Python
6855,javascript
5561,react
5510,git
8352,php
9647,git
7396,rails
6100,git
5862,Mean
4924,backbone
6989,html
6708,WAN
6741,backbone
6403,TCP/IP
7038,php
4787,WAN
8527,C++
7292,Python
9493,ML systems
6184,backbone
5363,git
7192,git
6960,regressions
5634,git
5285,vue
7472,django
7937,LAN
8498,react
8028,react
6935,UNIX
9330,django
7357,TCP/IP
4678,.Net
7256,git
6830,angular
5895,php
4645,react
5401,statisticalinference
10552,django
8540,git
8350,.Net
4609,C++
8055,SQL
9682,Ruby
9861,rails
10214,SQL
4816,.Net
7029,UNIX
10217,backbone
8950,vue
6867,C++
4917,rails
6479,UNIX
10085,javascript
7175,javascript
10427,WAN
9986,django
8364,git
5506,html
7074,php
9683,angular
5819,rails
8810,UNIX
5181,html
9441,rails
5219,statisticalinference
6315,SQL
7531,git
6214,TCP/IP
6629,Ruby
5822,rails
10370,git
10055,backbone
7766,html
9290,vue
8425,angular
8966,css
7888,TCP/IP
10531,TCP/IP
6467,html
5603,git
7126,.Net
7893,php
4606,regressions
7251,vue
6758,vue
9422,R
8063,vue
8355,react
6861,django
4744,html
8951,Ruby
10471,git
6061,javascript
5627,css
6159,git
6761,css
6126,rails
9254,git
6037,html
7793,R
9847,django
6695,C++
8338,TCP/IP
4647,LAN
9637,vue
8662,php
5308,react
6601,statisticalinference
6973,git
5625,.Net
7837,.Net
6180,backbone
8887,WAN
10315,react
9041,php
10521,backbone
8265,django
7020,UNIX
8320,Mean
10167,LAN
6430,php
4697,angular
6659,.Net
5827,php
9864,angular
6928,Mean
6209,C++
4974,LAN
8463,LAN
6362,angular
8064,backbone
7055,.Net
7292,php
7835,php
7788,Python
9445,html
8991,rails
5641,react
6575,TCP/IP
10327,LAN
7809,SQL
6459,R
5709,django
5063,backbone
5103,hypothesis testing
8902,git
8492,angular
9595,hypothesis testing
8305,react
4961,Ruby
9075,html
4607,regressions
5806,php
10220,django
7041,php
10232,UNIX
10054,react
10082,C#
7367,WAN
9145,R
9985,backbone
6857,django
8999,vue
10181,backbone
7798,regressions
7884,ML systems
4622,vue
7628,php
8018,php
10071,javascript
10521,WAN
9376,backbone
6255,git
5408,R
6313,html
4940,regressions
8332,git
5759,R
9622,C++
7929,LAN
4666,Mean
5150,react
7577,C#
9466,git
10266,php
8373,angular
8439,html
8298,git
6767,backbone
9639,vue
5422,html
6108,TCP/IP
5163,LAN
8642,.Net
7028,angular
9137,angular
9077,Java
10394,vue
5129,Ruby
5528,javascript
5271,regressions
7232,WAN
7679,git
9181,rails
7125,backbone
6853,R
8339,R
4821,LAN
4759,.Net
5907,git
5079,javascript
4945,Mean
9543,html
4935,WAN
5482,LAN
5584,R
7238,vue
5123,WAN
4708,react
5995,R
5565,statisticalinference
7099,UNIX
6934,angular
9880,Java
9240,statisticalinference
4804,SQL
5602,TCP/IP
5013,django
7454,hypothesis testing
6160,R
4651,.Net
8491,vue
9926,ML systems
9253,git
7649,LAN
7094,css
7518,vue
5261,WAN
6114,javascript
4883,.Net
6809,UNIX
6983,vue
6973,ML systems
4668,html
7865,rails
6330,react
9700,react
4928,LAN
6832,php
5663,TCP/IP
9495,backbone
8614,Mean
6900,git
8243,html
9324,html
6154,rails
6484,php
9321,UNIX
9222,R
8111,UNIX
8387,rails
7866,LAN
9891,react
6665,Mean
5755,javascript
8639,TCP/IP
7352,react
6727,UNIX
8678,Mean
8676,statisticalinference
5390,css
6363,R
8151,git
9723,git
7402,php
8229,css
7012,html
8573,django
6512,hypothesis testing
5257,UNIX
6773,angular
9443,rails
8918,php
7821,rails
6047,react
7290,SQL
10234,C++
7446,R
8438,C#
9565,angular
7440,javascript
9666,css
8652,css
6872,php
10178,html
5626,html
8765,react
8739,Ruby
4979,css
10107,TCP/IP
6341,ML systems
4676,css
9023,php
5900,angular
5410,TCP/IP
10023,Java
8476,react
8694,javascript
5974,css
10326,git
7376,angular
8861,statisticalinference
9581,LAN
10134,hypothesis testing
6770,Python
10344,php
10273,backbone
6085,hypothesis testing
9750,Java
7630,WAN
8905,Python
7871,php
5159,rails
7713,WAN
10220,TCP/IP
8331,vue
6806,SQL
10455,WAN
9211,regressions
6333,rails
8706,.Net
6911,vue
9897,.Net
6427,html
4706,Ruby
7534,angular
5202,css
9467,ML systems
8355,Ruby
5938,php
9486,css
8924,Mean
5748,html
4800,WAN
9072,C++
6596,react
6518,html
9966,css
7030,html
7419,WAN
7677,Java
8417,statisticalinference
7723,angular
4652,LAN
7113,react
6304,LAN
7657,javascript
5009,Java
7049,html
5129,django
8189,WAN
6525,backbone
9837,css
8082,R
7615,LAN
8401,angular
8440,react
5314,react
9521,git
9824,backbone
7814,R
8850,javascript
5798,WAN
9541,angular
8535,css
8270,rails
8996,LAN
7833,C++
6074,UNIX
7057,rails
9357,WAN
7726,backbone
9270,css
9210,regressions
7948,C#
7568,Mean
6364,git
10351,css
5617,WAN
7195,react
10120,react
8305,Ruby
10498,react
8095,TCP/IP
5894,rails
6482,css
9167,php
10335,php
7127,css
10241,html
6884,Java
5419,vue
6482,C#
5886,django
7592,django
6559,Mean
7746,backbone
5724,vue
8433,javascript
7304,php
5002,UNIX
6085,Java
9860,WAN
7537,ML systems
8217,vue
6871,php
8568,html
9573,regressions
8412,rails
9504,django
6530,css
10189,git
8188,C#
9519,html
10139,css
6118,ML systems
7517,css
7898,php
8675,ML systems
9310,TCP/IP
6113,WAN
10202,css
7457,css
8269,Mean
8849,git
6545,angular
6836,javascript
7860,Python
10179,TCP/IP
8685,C#
8679,R
6012,statisticalinference
5228,Java
5046,C#
8184,vue
8267,html
7954,angular
7248,php
7642,php
4752,django
9758,backbone
7963,Java
4710,Python
5697,django
6357,ML systems
8912,css
8925,rails
7025,Java
7903,rails
6853,regressions
8218,rails
5452,rails
8605,git
5437,react
4609,git
6491,django
4877,git
4789,git
8979,javascript
9504,R
10016,vue
7312,hypothesis testing
5422,Java
6020,html
5386,css
10557,backbone
4615,SQL
5770,angular
7756,TCP/IP
8139,C#
6938,Mean
8904,Java
7565,html
6001,Ruby
9727,javascript
5693,C#
8919,Ruby
6722,hypothesis testing
8309,angular
9394,vue
5152,php
9858,php
9212,ML systems
4607,git
9350,UNIX
8486,WAN
9450,backbone
6118,angular
8314,vue
4775,.Net
4934,C#
5186,react
8436,javascript
10182,javascript
9341,django
6801,TCP/IP
6014,ML systems
5967,R
6495,R
8130,git
8834,rails
5511,C++
9275,Java
8558,LAN
8292,php
10106,css
4962,hypothesis testing
8112,react
4789,html
5472,Python
6391,rails
4866,UNIX
8612,php
5884,php
10563,angular
5150,C#
6458,javascript
9000,django
8292,react
6598,html
8992,Java
5190,Mean
10265,.Net
6526,UNIX
8270,css
6690,R
9647,.Net
10320,html
9422,django
4858,backbone
9408,css
8262,django
8027,git
9767,php
7594,django
8141,angular
7247,SQL
8567,css
8037,statisticalinference
9666,react
8373,hypothesis testing
5103,git
7365,git
8388,C#
8005,php
8939,angular
8794,.Net
6545,WAN
6100,rails
7695,LAN
9936,rails
4948,C#
7943,css
5836,backbone
10018,html
5902,backbone
10512,statisticalinference
8909,C#
8423,html
5113,git
5968,regressions
9808,javascript
5107,javascript
8274,html
10381,git
9011,WAN
8222,react
4808,backbone
6059,.Net
9511,UNIX
8775,Mean
9488,react
6576,ML systems
4825,statisticalinference
6677,react
6451,backbone
6216,UNIX
6108,ML systems
8432,git
8139,javascript
5310,ML systems
7479,angular
7095,react
5732,git
9849,.Net
7899,git
9832,react
5304,php
10268,html
8452,css
10322,angular
10512,rails
6312,Mean
9290,git
5349,C++
5676,LAN
8945,TCP/IP
7054,backbone
5672,statisticalinference
6061,Mean
6290,javascript
7617,django
5577,hypothesis testing
9878,statisticalinference
9048,angular
8633,backbone
8898,angular
10133,ML systems
10102,TCP/IP
8248,hypothesis testing
6497,react
5381,statisticalinference
7941,javascript
9675,rails
8980,javascript
9730,LAN
9128,git
5403,javascript
8016,ML systems
10389,php
6934,html
5764,UNIX
10297,react
6109,rails
6614,php
9032,css
8909,TCP/IP
5998,C++
8794,Java
8988,django
9067,rails
8903,react
6710,html
6821,git
9907,javascript
6968,vue
6378,Ruby
7770,javascript
10330,Java
9224,regressions
7449,statisticalinference
10400,django
8601,react
7486,TCP/IP
9480,html
7759,UNIX
7573,vue
5730,R
10384,django
4672,django
7038,git
10499,javascript
7499,php
5051,ML systems
8785,Mean
8929,R
5977,C#
9671,php
5886,regressions
8633,.Net
6709,ML systems
6358,Java
9515,django
5281,statisticalinference
5722,php
10553,backbone
9255,rails
4683,ML systems
6157,git
8889,javascript
6818,ML systems
8320,rails
9366,vue
4849,Java
9474,django
8754,javascript
8574,git
6266,Java
7102,UNIX
8904,backbone
5667,javascript
9393,vue
10389,LAN
8670,Ruby
7635,hypothesis testing
5910,css
9757,css
9885,django
5918,html
10033,javascript
10437,django
10507,angular
5915,backbone
8886,C#
10498,react
5587,css
6153,css
9230,statisticalinference
8852,react
9824,git
7135,statisticalinference
8341,vue
5746,C#
9863,.Net
4948,angular
5438,C#
7257,javascript
9649,rails
7399,react
7063,.Net
10264,django
5915,javascript
9010,git
4828,Mean
5657,C#
10104,vue
9723,django
5721,vue
8389,ML systems
10422,Ruby
6995,php
9378,C#
10569,git
6786,javascript
4760,react
5906,LAN
7900,SQL
9613,git
5833,vue
5959,angular
6460,Python
9449,php
8137,react
5506,LAN
6216,react
10529,git
9420,react
4872,javascript
7885,react
7096,html
7590,html
4956,django
5126,Java
8208,css
6810,git
5478,angular
4818,css
5930,TCP/IP
10544,vue
6220,LAN
9703,C++
5122,UNIX
9769,Mean
4649,css
8735,backbone
7204,Java
8809,regressions
8383,regressions
5239,Mean
8357,vue
7117,php
5700,Mean
9185,Python
10317,.Net
8382,LAN
9408,git
5197,backbone
6151,Mean
6136,git
8336,Java
6697,angular
6315,Ruby
7291,git
5329,html
8832,git
6389,react
5725,backbone
6867,git
10137,django
5930,statisticalinference
9474,css
8576,php
4687,Mean
6724,backbone
10469,UNIX
8465,django
5193,git
4772,C#
9195,angular
9007,javascript
7204,react
9244,rails
6841,javascript
8150,LAN
10453,WAN
6076,Python
10503,backbone
8391,backbone
9856,backbone
6675,statisticalinference
9020,django
8754,javascript
5852,statisticalinference
4666,php
9906,css
8323,react
6171,TCP/IP
6335,statisticalinference
7887,TCP/IP
7519,rails
6504,regressions
4670,regressions
6506,javascript
8437,php
8386,UNIX
7267,vue
6579,javascript
7780,statisticalinference
10184,git
4714,javascript
5547,rails
9092,vue
8054,javascript
4775,backbone
4678,react
10257,SQL
9532,Python
6258,R
9976,C#
5440,css
9284,WAN
7378,C#
9409,backbone
10275,backbone
7175,ML systems
9192,angular
7185,Mean
4815,Python
8841,angular
8555,rails
9323,django
10475,TCP/IP
4757,WAN
9628,backbone
7609,Ruby
5845,ML systems
6317,LAN
10579,hypothesis testing
5494,vue
10247,git
5095,backbone
9523,javascript
7897,rails
10245,SQL
6254,react
7435,TCP/IP
6884,SQL
9787,Ruby
8083,regressions
10181,css
6021,Java
8527,Python
7196,C++
6557,UNIX
9933,css
5254,git
7332,css
5430,statisticalinference
8016,Python
5622,WAN
4641,regressions
9805,php
5620,TCP/IP
6745,Ruby
8076,hypothesis testing
6857,rails
6441,angular
10249,css
10299,hypothesis testing
9723,vue
6767,regressions
6616,php
10292,Java
5894,git
7336,UNIX
4615,Ruby
5641,html
5278,UNIX
5799,git
7464,R
9501,Python
10495,git
6411,css
9358,Ruby
9832,backbone
6237,react
9644,javascript
7616,.Net
5511,vue
7718,backbone
9360,django
7290,javascript
5837,ML systems
4941,Java
4982,hypothesis testing
9385,rails
9518,ML systems
9435,html
5347,git
7888,git
10226,vue
5997,git
6814,vue
9715,statisticalinference
9904,html
9920,django
9814,backbone
7847,git
9293,rails
4962,django
8749,css
5920,html
8499,git
5153,php
5385,Ruby
5778,angular
6956,django
6893,UNIX
5314,rails
7603,git
7663,.Net
7832,git
8290,django
9973,javascript
9546,vue
8235,html
8227,regressions
5885,css
10166,django
6536,javascript
10296,WAN
7180,php
8873,Java
6944,UNIX
7469,C#
7405,Mean
7623,angular
9181,git
6496,Java
7838,statisticalinference
5991,SQL
7770,rails
8462,css
8960,TCP/IP
6791,angular
8669,git
9669,statisticalinference
5134,html
6485,Ruby
10437,git
5840,LAN
8733,git
5824,hypothesis testing
6092,php
9224,javascript
9813,html
8615,backbone
9982,LAN
6238,C#
6838,django
9976,javascript
9156,css
6415,backbone
6158,php
4657,html
8540,regressions
7396,git
6946,rails
6674,SQL
8123,statisticalinference
9049,UNIX
5482,html
7539,git
7877,C++
7002,vue
5989,UNIX
9053,backbone
9914,WAN
7190,git
6976,django
7430,react
10374,angular
5609,react
6347,vue
10386,Python
6780,html
9283,rails
9762,angular
8722,Ruby
6271,Java
4750,.Net
5493,vue
5154,git
9269,regressions
8047,html
6270,.Net
5245,vue
6147,C++
6552,C++
6183,javascript
9009,angular
9345,react
6531,Mean
9267,Java
8381,R
6562,git
8265,css
5391,git
4711,vue
8738,html
5498,css
9245,C#
7141,C#
10485,R
10411,git
6125,C++
9372,django
5071,R
8868,WAN
8663,angular
8564,LAN
10210,git
9202,Ruby
7064,Java
7669,django
10537,html
9742,css
4921,LAN
10164,rails
6646,django
5273,php
9925,git
9388,R
7304,php
7571,vue
10350,TCP/IP
8044,SQL
7178,css
9704,angular
6452,git
4780,WAN
7339,C#
7109,ML systems
7442,php
4882,css
9234,R
7960,.Net
8554,WAN
7585,javascript
7316,html
4918,regressions
10457,django
6665,ML systems
6537,css
5283,css
10353,html
10412,django
9755,angular
8812,react
8021,html
5540,react
8763,javascript
9241,UNIX
5084,javascript
10189,vue
10578,django
4649,LAN
8352,R
9842,regressions
7588,rails
7863,Python
7898,rails
6702,R
6424,backbone
5451,php
9636,Java
9163,R
5692,C#
9231,php
8888,Python
4777,R
9570,git
10315,react
4775,ML systems
9024,css
5325,php
7587,html
6569,UNIX
7280,rails
6582,UNIX
7091,TCP/IP
8486,angular
6661,UNIX
7090,C++
6939,css
9857,angular
8702,Ruby
9623,angular
5263,ML systems
9898,php
5359,WAN
5985,UNIX
7762,Python
6191,LAN
5753,vue
5908,react
10163,css
6768,UNIX
10355,django
5487,php
5250,Mean
8297,UNIX
7224,rails
9684,git
9033,Mean
9446,react
9325,javascript
7176,backbone
5671,rails
7738,rails
8374,php
8799,rails
10384,rails
7988,git
9562,javascript
5858,backbone
5801,vue
8049,ML systems
6566,UNIX
7846,C#
4872,Mean
9046,django
5605,rails
7365,Mean
4747,UNIX
4767,javascript
8853,vue
10402,.Net
4987,react
8433,Ruby
8518,git
5014,C++
7775,WAN
5525,css
8547,.Net
9291,rails
5856,backbone
4760,UNIX
6338,html
6552,hypothesis testing
10113,rails
8479,rails
8179,Mean
5068,javascript
5097,react
6284,angular
7485,angular
10108,hypothesis testing
6443,Java
6931,backbone
7516,rails
10415,vue
10463,react
5406,rails
10326,backbone
8186,css
8239,css
6927,react
7225,django
8714,vue
8020,css
5894,vue
8433,Ruby
5692,angular
10478,git
7342,javascript
7336,rails
4922,hypothesis testing
10266,SQL
4709,javascript
9900,javascript
8012,javascript
10293,git
4907,git
5429,html
5113,UNIX
9796,angular
6297,git
7724,C++
9166,statisticalinference
8420,backbone
7459,django
6813,Java
8330,django
5797,vue
8607,LAN
8511,hypothesis testing
5023,php
9626,vue
5845,rails
7602,git
8141,git
8343,.Net
8129,ML systems
8265,git
5798,Mean
4733,git
9567,Java
10123,C++
7217,UNIX
7726,rails
8162,angular
8057,Python
9326,django
8240,statisticalinference
5299,php
10373,regressions
9706,css
8943,vue
9648,R
9135,Python
7091,SQL
9778,Java
4595,html
6668,angular
8006,backbone
8988,css
7769,SQL
8531,WAN
5452,react
9265,ML systems
6031,TCP/IP
7938,django
5448,SQL
6100,UNIX
10487,vue
8385,php
6311,statisticalinference
9188,statisticalinference
5546,Java
6337,rails
10087,Python
8110,django
5886,rails
6153,django
8772,react
6832,Mean
9195,django
4989,vue
6368,WAN
9488,WAN
8845,.Net
10490,statisticalinference
7228,vue
8116,Python
10009,git
7556,react
6266,UNIX
10143,rails
5676,javascript
6833,Python
4903,regressions
7463,git
5984,git
5229,git
9951,C++
10476,vue
5761,R
9546,javascript
5084,WAN
5450,C++
7784,css
4853,WAN
7466,css
9152,vue
10572,rails
7533,vue
5347,angular
8137,css
8516,TCP/IP
7299,R
6555,php
9123,ML systems
5649,django
9515,vue
10456,Mean
6690,backbone
9043,vue
7132,django
7480,html
9466,rails
9052,backbone
6762,Mean
9933,react
6665,django
10276,ML systems
5991,WAN
8982,regressions
7937,regressions
5820,git
9562,rails
6536,react
10260,statisticalinference
10135,html
8714,django
8869,html
6976,react
7462,ML systems
5325,javascript
6266,git
9127,react
5042,javascript
6282,vue
6188,UNIX
8491,javascript
5926,C#
9306,R
7333,C#
8054,rails
6853,LAN
4723,git
6908,git
8579,TCP/IP
4595,react
6843,backbone
4866,git
8239,php
10019,ML systems
7412,.Net
7917,rails
6313,Ruby
10226,TCP/IP
5868,Mean
9495,php
10430,regressions
10226,C++
9425,WAN
9338,git
9445,django
8643,.Net
9800,C#
8819,vue
7672,statisticalinference
4846,Java
9227,statisticalinference
6509,WAN
8551,ML systems
8236,C#
6176,php
8465,php
5507,javascript
7418,angular
4857,.Net
6507,backbone
7113,vue
5716,R
7333,react
9866,LAN
5589,LAN
9590,Ruby
10525,git
6973,WAN
7529,angular
6524,Java
5669,ML systems
9359,git
9315,javascript
9438,css
9658,rails
9299,javascript
7124,react
10271,Python
7276,TCP/IP
7893,git
5149,UNIX
8912,SQL
5802,php
7552,C++
5511,git
4673,LAN
5680,rails
7523,Python
5511,statisticalinference
10202,angular
7463,javascript
9076,.Net
5983,LAN
5547,react
8146,git
8141,.Net
5024,hypothesis testing
10008,vue
6638,html
6957,html
10357,rails
7079,css
9180,git
10487,react
5763,django
5899,git
9321,css
8734,html
10083,Java
8081,javascript
4592,vue
7142,angular
9557,LAN
7416,.Net
8374,php
5278,django
8304,statisticalinference
6765,react
10160,TCP/IP
8833,C++
8689,UNIX
6295,django
7416,vue
6018,javascript
6290,react
8040,git
6899,react
9681,django
5807,django
4818,regressions
6412,Python
4842,regressions
6534,Mean
10527,Java
5654,rails
6674,backbone
6100,Java
8149,vue
10013,TCP/IP
8639,statisticalinference
5007,regressions
8158,git
5396,C#
9970,C#
10455,Java
6852,R
9316,css
6723,react
6466,rails
7517,SQL
5388,backbone
4616,git
6404,SQL
6179,WAN
9892,javascript
8884,css
10037,UNIX
6634,vue
4713,Java
9286,backbone
5130,vue
5713,hypothesis testing
9306,R
10145,angular
9469,git
9645,php
5143,react
7122,css
4899,css
5045,C#
6870,Ruby
5081,SQL
9977,.Net
10074,php
6382,django
9291,angular
6383,javascript
8962,vue
9007,css
4718,html
8563,.Net
10256,react
8540,ML systems
10309,TCP/IP
5039,vue
6130,javascript
4598,ML systems
8338,Ruby
8936,.Net
9444,javascript
8317,statisticalinference
8454,vue
10497,php
6188,Ruby
6274,css
6760,Ruby
5440,LAN
9454,git
6375,angular
7894,rails
10361,html
10192,vue
9382,vue
8390,react
10132,C#
5035,Mean
8082,UNIX
6520,css
10330,backbone
10576,LAN
9004,backbone
7588,rails
9000,php
6350,git
9257,javascript
6743,css
4938,git
8633,django
6874,javascript
6232,Mean
8506,angular
6665,react
7191,ML systems
9613,git
10256,git
8625,Java
8137,django
6907,rails
4658,TCP/IP
4796,rails
7907,hypothesis testing
6570,regressions
7455,hypothesis testing
6499,php
9912,php
6678,django
5478,javascript
9708,statisticalinference
5436,TCP/IP
5401,html
5844,angular
7405,git
8169,rails
8958,Python
10135,django
5084,html
7359,javascript
8772,html
8424,git
6135,react
6950,WAN
4640,rails
7211,SQL
6066,rails
4821,C++
8477,TCP/IP
4900,hypothesis testing
4861,git
8553,TCP/IP
7186,rails
9597,php
6115,Mean
8076,vue
5827,WAN
7759,html
5093,Ruby
6119,WAN
7757,html
8211,php
4868,TCP/IP
5572,git
6822,git
6865,Java
7046,javascript
6939,rails
5060,angular
5045,django
6113,php
9880,backbone
6885,.Net
7203,C++
5160,C#
10150,.Net
5858,C#
4898,react
5911,php
6808,vue
7278,regressions
6488,react
6820,ML systems
10226,javascript
9632,django
7435,.Net
5356,C#
6970,UNIX
5472,html
5431,vue
4847,css
8539,javascript
6299,C++
8801,vue
9032,Python
6640,C++
10083,UNIX
5463,css
10576,django
10188,backbone
6377,angular
7895,php
7267,javascript
6925,javascript
9376,regressions
7972,django
7211,html
7508,git
6500,WAN
8043,Mean
10128,LAN
4686,rails
7897,css
7377,LAN
4636,angular
7576,LAN
7596,ML systems
9895,vue
7503,Mean
5139,javascript
10079,Python
5694,html
7627,Python
9168,django
8778,C++
5836,javascript
8197,SQL
5300,regressions
7950,Java
9470,html
8842,vue
6211,Mean
7012,html
8219,rails
7758,backbone
6777,django
7359,backbone
9945,regressions
8990,Python
7302,Java
7756,git
5232,javascript
7941,javascript
8210,backbone
10543,ML systems
9541,backbone
6198,rails
7339,vue
8606,WAN
8080,php
5936,.Net
7830,Java
9407,R
6574,vue
5127,regressions
4763,php
10434,django
6539,django
10490,javascript
5180,vue
8413,css
8848,javascript
7099,UNIX
8414,UNIX
8526,UNIX
8464,react
9521,django
5339,html
9721,SQL
9699,C++
6800,css
8015,angular
6774,django
5531,backbone
8486,hypothesis testing
6183,C#
10305,php
9698,javascript
10204,Ruby
8897,WAN
6863,git
7101,WAN
6853,angular
5642,LAN
9545,ML systems
7319,LAN
7816,regressions
9187,ML systems
6223,hypothesis testing
6987,html
10532,rails
5212,C++
10020,rails
5308,Java
7664,R
7132,react
8960,SQL
5698,C#
5589,vue
9082,LAN
10135,angular
5533,WAN
8470,php
9843,hypothesis testing
8001,rails
7197,php
5334,WAN
7339,C++
7142,C++
10175,vue
9890,angular
8671,angular
7897,react
10363,javascript
9895,Mean
10503,WAN
7688,django
10422,Ruby
8101,Mean
10390,SQL
9923,css
7507,LAN
10151,css
4974,css
10011,LAN
8260,C++
7979,LAN
7117,SQL
7979,php
7458,angular
8024,Mean
5385,hypothesis testing
5085,django
8526,statisticalinference
6218,css
7502,php
10528,ML systems
5035,regressions
4947,UNIX
7626,Mean
7258,backbone
5495,git
4778,javascript
7676,regressions
5534,vue
8324,css
4768,backbone
5265,django
9601,TCP/IP
5839,css
10330,react
8041,vue
8657,css
10145,Ruby
8751,html
4721,statisticalinference
8015,rails
10171,C++
4632,backbone
8816,css
7172,git
8617,rails
9101,vue
8146,vue
9853,git
10202,ML systems
7779,C#
6899,vue
5903,Ruby
7981,php
10496,C#
8853,vue
6844,backbone
6098,html
6518,javascript
6123,vue
6227,Java
6407,css
6369,javascript
9167,TCP/IP
9341,C++
5545,vue
5102,hypothesis testing
9830,SQL
8343,react
6786,git
9733,javascript
7297,html
8398,css
7357,backbone
7747,backbone
7788,css
7962,javascript
4899,R
6447,UNIX
5366,WAN
6992,ML systems
6786,backbone
7050,vue
5811,.Net
8975,ML systems
10154,angular
8294,Mean
7747,backbone
8085,C++
5744,LAN
5798,backbone
6004,html
8660,SQL
10045,Java
5120,backbone
6013,javascript
5815,.Net
9423,hypothesis testing
8972,angular
5832,vue
9961,git
6180,git
6594,vue
9957,javascript
6806,Ruby
10438,backbone
8704,regressions
5046,css
4668,Ruby
7329,javascript
4989,php
5462,vue
7030,html
10255,javascript
4752,react
5055,angular
7875,Java
5036,rails
9312,Mean
5045,react
6637,react
7577,C#
6124,react
7595,UNIX
9964,SQL
9046,git
5520,git
7176,git
4612,Java
9494,vue
9492,Python
9288,html
7027,php
8794,backbone
10095,Python
5446,php
4850,react
8751,backbone
7782,statisticalinference
6100,Ruby
5614,git
7896,backbone
8711,C#
9000,vue
9139,Java
10198,javascript
9209,javascript
10194,LAN
9579,rails
8234,angular
6623,Python
7406,react
7217,ML systems
10385,R
7606,backbone
6349,rails
7107,javascript
10267,vue
7639,Python
9297,Mean
7494,javascript
5411,html
9348,css
5542,git
4790,UNIX
8171,WAN
7827,statisticalinference
10415,.Net
6862,react
7396,Java
9841,.Net
6139,SQL
9805,C++
5401,vue
8142,ML systems
8917,backbone
7268,html
9211,UNIX
9711,angular
9577,django
5015,.Net
9001,TCP/IP
8177,Python
7430,WAN
5968,.Net
5768,.Net
8448,LAN
6865,vue
8242,C++
8423,react
9473,html
6424,rails
4611,R
6631,react
4878,WAN
8812,angular
6790,statisticalinference
6078,rails
6188,UNIX
9472,SQL
6485,TCP/IP
7051,C#
7946,css
7767,WAN
6623,rails
4909,react
9942,Ruby
8506,react
5599,Python
6559,html
6260,vue
8978,SQL
7377,angular
6632,UNIX
7254,git
9575,TCP/IP
5276,Java
5914,.Net
6312,css
8205,django
8195,django
9710,statisticalinference
5975,SQL
8169,.Net
5104,javascript
7841,R
4724,.Net
9761,javascript
4760,git
7644,php
5725,ML systems
7995,git
5256,LAN
8557,Ruby
7779,git
9106,C++
7227,css
7958,R
9186,Ruby
5333,rails
5469,react
7862,ML systems
5038,Mean
8737,hypothesis testing
5795,hypothesis testing
6532,angular
9725,regressions
6871,git
6075,css
5014,TCP/IP
8688,Java
9156,ML systems
4662,LAN
6460,backbone
5139,backbone
10297,R
10235,statisticalinference
5501,SQL
10077,ML systems
7519,SQL
9227,php
6035,LAN
7520,Java
9421,LAN
9088,Mean
5299,.Net
5059,rails
5075,TCP/IP
7691,UNIX
9687,TCP/IP
4935,css
4705,php
8289,vue
6448,css
7035,php
5820,git
6476,backbone
10432,django
4822,Python
10127,regressions
5225,backbone
6505,C++
5866,vue
8240,git
4714,react
5361,ML systems
9353,git
9730,Python
4699,Python
4864,C++
7464,php
4612,php
6291,.Net
10472,css
6971,javascript
4931,css
9930,ML systems
5171,git
5311,javascript
6539,WAN
9110,django
6838,C#
7289,SQL
9857,.Net
7632,javascript
4953,statisticalinference
5826,statisticalinference
6571,php
9124,LAN
8446,vue
5364,css
5586,vue
9519,ML systems
7673,C++
6988,SQL
7936,backbone
7213,git
10246,LAN
8408,php
8833,SQL
8286,vue
7277,C++
9597,ML systems
6484,react
10326,vue
7409,SQL
4593,angular
8516,html
7485,html
7903,R
6434,git
6471,Ruby
8159,backbone
4927,git
9080,statisticalinference
7897,react
8580,rails
8931,R
4617,javascript
5557,ML systems
7869,WAN
9184,html
7037,Mean
6656,.Net
5670,git
9980,rails
6926,git
9986,react
4819,django
7403,R
5623,angular
5881,Mean
7588,vue
8311,angular
9785,LAN
8517,php
6980,react
6362,javascript
6406,UNIX
10296,php
5632,php
7085,C++
9180,css
5845,angular
4819,react
9287,UNIX
6824,html
5795,git
10381,angular
4708,react
8328,backbone
7553,statisticalinference
8147,php
5444,UNIX
9850,rails
4919,vue
4955,html
4607,backbone
10281,vue
9408,django
5811,WAN
4742,git
10001,SQL
8654,UNIX
7853,Java
9281,php
7550,git
6138,git
7726,rails
8507,hypothesis testing
10261,Ruby
8257,angular
6930,Python
8937,backbone
7008,django
7811,django
6772,django
8299,Python
7012,angular
6893,react
7660,git
7640,Java
6538,hypothesis testing
7138,angular
9704,UNIX
8725,Python
5573,vue
10065,C++
5726,php
5146,django
5275,git
10195,C++
7750,C++
5135,backbone
4756,Ruby
7446,rails
10114,TCP/IP
9531,php
6869,angular
10500,WAN
8360,javascript
10240,git
9565,LAN
7637,rails
10227,regressions
8087,git
5340,Ruby
9656,backbone
8279,TCP/IP
8944,git
5097,C++
8454,Java
8911,SQL
7674,git
5870,statisticalinference
5853,vue
7681,git
6450,LAN
4984,django
9112,LAN
9428,Python
7069,git
8312,django
8596,Python
6781,SQL
6998,git
9014,angular
9831,R
7797,.Net
7179,Java
10171,backbone
9615,.Net
6404,Java
4878,git
10435,angular
9676,regressions
5111,git
8197,C++
9423,django
8237,SQL
8896,git
6965,TCP/IP
7074,Ruby
8932,git
5689,UNIX
8826,react
7724,git
9679,rails
4614,django
5455,vue
5980,backbone
10575,regressions
7554,php
5477,ML systems
7070,backbone
8738,git
4921,angular
9130,git
10240,regressions
6958,angular
8893,git
10563,php
6128,ML systems
6460,R
9601,backbone
10145,git
8488,javascript
10137,rails
7450,php
7232,WAN
7519,Java
6046,javascript
9999,react
7238,TCP/IP
4679,R
9503,git
7620,css
7096,WAN
9333,angular
8542,Mean
4876,css
6049,javascript
6664,C++
6675,ML systems
8022,django
5285,UNIX
5453,C++
8769,javascript
6631,LAN
6421,angular
6272,SQL
6051,html
5904,php
5410,UNIX
6839,Python
4645,php
8050,vue
6639,TCP/IP
4739,R
6926,.Net
9227,.Net
6171,rails
8753,php
8230,git
7037,LAN
10496,react
6950,git
7655,css
8673,UNIX
6844,vue
10559,backbone
5179,vue
5497,django
8236,regressions
7255,rails
8733,ML systems
8654,css
10502,statisticalinference
5557,Mean
6759,html
4912,git
9305,git
9673,TCP/IP
5907,statisticalinference
7971,angular
5823,rails
6524,react
5973,UNIX
10326,Ruby
4946,django
7644,backbone
9198,C#
7133,rails
8918,.Net
8183,html
7399,regressions
6748,LAN
5610,Java
8902,UNIX
10529,R
9759,angular
10250,Java
9774,rails
5404,WAN
4851,git
5790,Python
5800,vue
6835,git
6312,django
6388,react
8564,Java
7899,git
9232,rails
9346,rails
8767,Java
9445,django
8017,react
7245,react
8292,backbone
8256,django
9941,backbone
7767,WAN
7428,UNIX
5308,Python
9505,git
7658,R
8708,vue
6179,hypothesis testing
5433,javascript
8306,UNIX
7780,TCP/IP
6218,.Net
10462,javascript
8895,Java
7454,Python
10178,UNIX
6846,regressions
6527,rails
10441,Java
5178,javascript
6570,rails
8926,html
7752,vue
6726,git
6819,rails
9688,backbone
9699,TCP/IP
6660,ML systems
5279,angular
9021,R
5085,Mean
8336,css
6435,react
8498,django
7401,Java
9648,WAN
9753,R
9511,javascript
8875,UNIX
8007,html
5327,statisticalinference
10154,react
10521,css
8593,LAN
6644,Java
7365,react
7277,html
7066,C#
7037,rails
4922,javascript
8481,hypothesis testing
5105,R
7833,html
8709,TCP/IP
7254,backbone
10028,css
9470,php
9191,django
6469,UNIX
6875,django
8486,css
6968,php
6013,rails
5387,angular
10423,C++
7388,Ruby
7128,SQL
5020,Python
8550,git
8811,rails
5082,html
9222,Java
5638,git
6319,php
10282,regressions
4845,javascript
5319,.Net
8453,git
4678,javascript
7487,backbone
4809,angular
8039,css
8532,Java
5625,rails
10291,vue
6027,git
8718,django
6410,javascript
6585,css
4799,angular
9789,angular
6077,css
9644,css
4593,.Net
9323,C#
7874,WAN
9911,javascript
8945,regressions
5804,vue
9844,Ruby
6695,Ruby
8715,rails
7316,SQL
6704,php
5123,C#
5003,.Net
7059,git
9680,R
6393,git
4698,django
6428,backbone
6710,SQL
8341,TCP/IP
7908,react
9016,rails
9781,C#
7771,LAN
10240,git
7063,statisticalinference
10068,git
6118,php
9819,angular
10516,R
6480,react
7914,vue
8115,hypothesis testing
7576,php
7763,Mean
10360,javascript
9161,backbone
6266,angular
9208,R
6606,regressions
8240,django
9261,django
8799,git
4863,css
6429,UNIX
6767,TCP/IP
6619,Python
10492,TCP/IP
5667,LAN
8657,ML systems
8853,react
10502,git
10387,html
8662,backbone
9630,react
9235,git
9225,vue
7229,git
8509,git
5116,statisticalinference
6030,.Net
7412,css
10534,SQL
6416,SQL
10377,C#
7563,css
8106,react
6851,django
10268,css
8926,html
6993,LAN
7094,rails
6440,TCP/IP
9245,SQL
6534,Python
