student_id,parish
7301,Trelawny
6648,St. Thomas
10362,St Mary
5749,St. James
5694,Westmoreland
6063,Kingston
7246,Hanover
5206,Hanover
7977,Manchester
10108,Kingston
6716,St. Elizabeth
10074,St Mary
9961,St. Ann
5237,St. Elizabeth
6001,Manchester
5961,Clarendon
9885,St. Ann
6860,St. Catherine
5994,St. Thomas
8592,St. Catherine
5512,Manchester
5998,St. Catherine
4732,Clarendon
8852,St. Thomas
8612,Hanover
5952,Clarendon
7137,St. Thomas
4673,St. Catherine
8196,Clarendon
7582,Portland
10527,St Mary
5716,Portland
5579,St.Andrew
4716,St. Ann
7300,Manchester
4850,St. Elizabeth
6769,Westmoreland
6700,Trelawny
6144,St. James
9454,St.Andrew
10503,Kingston
8877,St Mary
9776,St.Andrew
10319,Hanover
8222,Manchester
6534,St. James
6214,Portland
10304,Manchester
10360,St. Elizabeth
8185,St Mary
4855,St. Catherine
7626,Westmoreland
8885,St. Thomas
10506,St.Andrew
5429,Trelawny
7539,St. Catherine
4612,Kingston
4910,St. Thomas
8200,Portland
5467,Clarendon
6308,St. James
9160,Trelawny
9291,Kingston
7431,Portland
4947,Kingston
6889,Manchester
8835,St. Thomas
9552,Westmoreland
7450,St.Andrew
9485,Portland
5082,St Mary
5711,Trelawny
9283,Westmoreland
6483,St.Andrew
7398,Portland
8109,St. Catherine
7906,St. James
7553,St. Thomas
5020,St. James
9850,St Mary
6273,Portland
7213,St. Thomas
9919,St. Ann
8402,Hanover
8924,Portland
8149,St Mary
7735,St.Andrew
9389,Hanover
9376,Portland
6996,St Mary
6208,St.Andrew
9218,St. Elizabeth
5753,Hanover
7306,St. James
8358,Kingston
5767,St. Ann
5293,St. Elizabeth
10271,St. Catherine
10120,St. Catherine
8339,Manchester
5480,St. Catherine
6347,St. Thomas
7316,St. Elizabeth
6675,Portland
5877,St. Elizabeth
5609,St.Andrew
8609,Portland
9177,Westmoreland
10048,St. James
8959,St. Catherine
6601,Manchester
8965,St.Andrew
4806,Hanover
10544,Kingston
8459,St. Catherine
9450,Westmoreland
7003,Manchester
5004,St. James
7737,St. Elizabeth
9295,Manchester
9032,Hanover
9105,St. Catherine
8177,St. Elizabeth
6827,Portland
7291,Manchester
9253,Clarendon
9377,Portland
5631,Kingston
5188,St. James
5985,St. Ann
8008,Trelawny
4892,St. Catherine
5578,Portland
8725,St Mary
7734,Hanover
10204,Westmoreland
6705,St. Ann
6057,Portland
10025,Clarendon
8669,Westmoreland
8002,St Mary
5903,Trelawny
7579,St.Andrew
9699,St. Thomas
9854,Hanover
5771,St. James
8881,Westmoreland
8690,Trelawny
7808,St. James
9274,St.Andrew
5774,St. Thomas
5823,St. James
9608,Hanover
7988,Clarendon
9934,Kingston
7343,Hanover
5719,Hanover
9617,Kingston
5422,Kingston
4648,Trelawny
8770,Manchester
10410,St. Thomas
6358,St. Thomas
5249,St. Elizabeth
6661,St. Elizabeth
8103,St.Andrew
8307,Hanover
5391,Kingston
10252,St.Andrew
6149,St.Andrew
8880,Hanover
7273,St Mary
6649,St Mary
6627,St.Andrew
6202,Trelawny
9142,Clarendon
9223,Kingston
9275,St. Thomas
8724,Westmoreland
9069,St. Thomas
6972,Clarendon
4918,Kingston
6075,St. Thomas
5533,Kingston
6205,St. James
5897,St. Ann
4613,Westmoreland
9261,Westmoreland
7427,Manchester
4616,St. Catherine
4794,Hanover
4879,Manchester
6920,St. Catherine
10397,Clarendon
7668,St. Ann
5743,St. Catherine
9554,St. James
5597,Trelawny
6663,St. Elizabeth
9749,St. Ann
10190,St. Ann
9315,Trelawny
7163,Clarendon
4712,Hanover
8410,St. James
4685,St. Ann
5103,St. Elizabeth
8496,St. Catherine
4965,Manchester
7768,St.Andrew
9568,Manchester
6792,St. Catherine
8159,Trelawny
8322,Portland
6876,Kingston
6225,Portland
5366,Clarendon
7729,Clarendon
9333,Kingston
10243,Trelawny
9943,St.Andrew
8637,Westmoreland
7102,St. James
7360,Westmoreland
5502,Kingston
8418,St. Ann
7279,St Mary
4866,Portland
9092,Westmoreland
5360,Trelawny
6499,St. Catherine
9795,Clarendon
9585,Portland
5314,St. James
5170,Clarendon
6546,Clarendon
6304,St. Thomas
4881,St Mary
6329,St. James
7269,Manchester
7373,St Mary
7188,Kingston
7441,St Mary
6487,St.Andrew
8903,St. James
8470,St. Thomas
7481,Hanover
6914,St. James
6202,Trelawny
6560,St. Elizabeth
7991,Clarendon
6682,St. Ann
6646,St. James
7379,Trelawny
9467,St. Ann
9617,Manchester
9856,Clarendon
7657,St. James
10021,Hanover
6324,Kingston
6940,Manchester
9379,St. Elizabeth
10167,St. Elizabeth
5514,St. Thomas
4740,Westmoreland
8323,Westmoreland
10581,Manchester
10382,Westmoreland
9292,Westmoreland
8184,St. Catherine
8236,Trelawny
9852,St. Catherine
6756,St Mary
8114,St Mary
7667,Kingston
8113,Clarendon
7362,St. Thomas
8129,Manchester
4930,Kingston
7569,Westmoreland
6101,St. Elizabeth
6642,Clarendon
8025,St.Andrew
7133,Kingston
6213,Portland
6864,Kingston
9826,Clarendon
7473,Clarendon
8935,Manchester
10331,Clarendon
5253,Manchester
5445,Westmoreland
8638,Westmoreland
10226,St.Andrew
7773,St. Thomas
10034,Clarendon
8596,St. Ann
5367,Trelawny
5919,St. Catherine
5349,Trelawny
6974,St. Elizabeth
10218,St. Thomas
6401,Portland
6923,St. Elizabeth
7641,Westmoreland
9388,St.Andrew
4623,Hanover
7798,Kingston
8934,St. Elizabeth
8371,St. Thomas
7113,St. James
7896,St.Andrew
8025,Trelawny
5158,St. Ann
6428,St. Thomas
4656,St Mary
9115,Kingston
5359,Kingston
8355,St. Elizabeth
8111,Manchester
9493,Clarendon
7233,Kingston
6232,Hanover
8257,Clarendon
5834,St. Elizabeth
9487,Manchester
5288,St. Elizabeth
6020,Manchester
6111,St.Andrew
9568,St. James
9644,Portland
7627,St. Catherine
8876,Manchester
6965,Kingston
8949,Portland
10392,St. Ann
4814,St Mary
7024,St. Catherine
5858,St. Thomas
6002,Clarendon
10354,Westmoreland
5960,St Mary
9784,St. Elizabeth
7269,Manchester
6796,St. Thomas
4677,St. Ann
6787,St. Thomas
8960,St. James
7866,Hanover
8080,St. Elizabeth
8864,Kingston
8936,St. Catherine
5979,St Mary
8258,St. Elizabeth
5826,Portland
6376,St. Thomas
8538,Kingston
9421,St. James
10103,St. Elizabeth
9008,St. Ann
6591,St.Andrew
6088,Westmoreland
7314,St. Elizabeth
5933,St Mary
7969,Hanover
9103,Kingston
9272,Hanover
7100,Westmoreland
8530,St Mary
7403,St. Elizabeth
5251,Trelawny
5818,St. James
5600,St. Catherine
4684,St Mary
6282,Kingston
9242,St. Thomas
7747,St Mary
8498,St.Andrew
8285,St. James
9082,Hanover
4742,Kingston
8852,St.Andrew
8806,Clarendon
10571,St Mary
4863,Trelawny
5930,Westmoreland
7861,St.Andrew
6401,St. Ann
5052,St. James
9891,Trelawny
8259,Clarendon
5136,Portland
10016,Kingston
10381,St. Ann
5280,Clarendon
9451,St. Thomas
9381,St. Elizabeth
5782,Westmoreland
7437,Trelawny
10114,St. James
10580,St Mary
6934,St. Elizabeth
9113,St. Thomas
8691,Kingston
8166,Clarendon
4980,St. Ann
10539,Kingston
5735,Manchester
4955,St. Ann
6208,Kingston
6057,Westmoreland
10517,Hanover
6685,Clarendon
8166,Westmoreland
7649,Kingston
5609,Clarendon
9064,Hanover
7519,Manchester
10401,Portland
5338,Manchester
7826,Portland
8140,Portland
9055,St Mary
8107,Kingston
7173,St.Andrew
8140,St. James
8146,Hanover
7599,Trelawny
9954,Manchester
8374,St Mary
8818,St Mary
5000,Kingston
9003,St. Thomas
7676,Manchester
6650,St. Elizabeth
5448,St. Catherine
4619,Westmoreland
5857,St Mary
6030,St. Ann
10234,Manchester
8219,St. Thomas
10536,St. Ann
6268,Manchester
10350,St. Thomas
10358,St. James
7071,Westmoreland
10114,Westmoreland
5189,Clarendon
6622,Portland
6248,St. Catherine
7107,St. Thomas
8525,Manchester
6477,St. Thomas
4965,Clarendon
4657,St Mary
5406,Trelawny
6484,Westmoreland
8196,St. Thomas
5849,Clarendon
7598,St. James
8829,Clarendon
7640,St Mary
9922,Trelawny
8862,St. Thomas
7548,St.Andrew
8773,St. Elizabeth
7902,Manchester
9298,Hanover
6405,St. Ann
7837,St. Elizabeth
6417,St. Catherine
6530,St. Catherine
9726,Hanover
4730,Westmoreland
6383,St. Catherine
10084,Westmoreland
8717,Hanover
6327,St. James
5912,Portland
6105,Hanover
9121,Portland
5465,St. Catherine
4685,Trelawny
7555,St. Thomas
9193,St Mary
9011,St. James
8703,Trelawny
6003,St. Elizabeth
5544,Manchester
8898,Manchester
4802,St Mary
5408,Westmoreland
8676,St. Thomas
9333,St. James
4931,St Mary
10209,Clarendon
6094,Clarendon
10255,St. Thomas
9567,Westmoreland
7214,St. James
7489,St. Ann
9297,St. Elizabeth
7062,Trelawny
5665,St. James
9839,Hanover
7853,Kingston
6008,Clarendon
7484,Portland
7442,Portland
8542,Manchester
9012,Clarendon
9960,St. James
7107,Trelawny
7479,St. Thomas
6377,St.Andrew
5307,St. Ann
6641,St.Andrew
6993,Kingston
6764,St. Elizabeth
8273,St.Andrew
5538,Hanover
10007,St. Ann
7494,Hanover
10218,Hanover
4990,St.Andrew
5768,Clarendon
7926,St. Thomas
7666,Portland
6870,Manchester
6434,Manchester
6962,St. Elizabeth
5492,Hanover
7152,Manchester
10435,Manchester
4912,St. Ann
8973,Westmoreland
5790,St. Thomas
5449,St. James
8239,Manchester
8182,Clarendon
4666,St. Ann
9801,Clarendon
5949,St. Elizabeth
5704,Manchester
6458,Portland
9351,St.Andrew
7342,Portland
7325,Hanover
7615,St. Catherine
5849,St. Ann
8338,Westmoreland
9085,St.Andrew
9334,Westmoreland
6381,Manchester
7490,Manchester
6445,St Mary
8904,Manchester
9683,Hanover
8505,St. Thomas
6740,Clarendon
5211,Kingston
6287,St. Elizabeth
6293,St. Thomas
5667,Manchester
8030,St.Andrew
7611,St. James
7774,St. Ann
7423,St. James
9455,Hanover
5044,St. James
7714,St.Andrew
8549,St Mary
9453,St. Catherine
8348,St Mary
6760,St. Catherine
5089,Clarendon
5055,Portland
6344,St Mary
7615,Trelawny
6646,Trelawny
7732,Kingston
8258,St. Catherine
8954,St.Andrew
5001,Hanover
8920,Westmoreland
6249,St. James
6811,Kingston
7088,Westmoreland
5930,St. Thomas
10399,St.Andrew
9155,St.Andrew
8526,St. Elizabeth
10043,St Mary
10220,Kingston
9140,St Mary
6762,Manchester
10043,Portland
7430,St. Catherine
9341,Portland
7270,St.Andrew
5596,Manchester
7048,Trelawny
4849,Kingston
7911,St. Elizabeth
9716,St. Thomas
5536,St. Ann
9185,St. James
6843,Kingston
7144,Portland
5689,Clarendon
10357,St. Thomas
5607,Kingston
5319,Manchester
7260,Hanover
10141,Trelawny
9502,Clarendon
4962,St.Andrew
8463,St. Elizabeth
9344,St. Thomas
9032,St.Andrew
8434,St.Andrew
9354,Portland
9729,St. Catherine
8350,St. Ann
8603,St Mary
9979,Kingston
8329,St. Ann
10193,St. Thomas
8281,St. Thomas
4816,St.Andrew
5414,St. Elizabeth
5814,Westmoreland
5869,St. Elizabeth
6759,St. Catherine
5133,St. James
9670,St. Thomas
6114,Trelawny
4872,Trelawny
5702,St.Andrew
6378,Hanover
6896,Portland
8137,St. James
6506,Trelawny
6464,Westmoreland
8931,Portland
5951,Manchester
6472,St. Catherine
6932,St.Andrew
7297,Clarendon
6691,St Mary
8412,St. Thomas
7589,St. Elizabeth
9665,St. Elizabeth
5531,Clarendon
9432,Portland
5957,Trelawny
6267,St. James
10257,St. Catherine
9605,St Mary
6459,St. Thomas
9474,Clarendon
5403,Manchester
6162,Manchester
6985,Manchester
7880,St. Elizabeth
10407,St. Thomas
9785,St. James
8325,St. Thomas
8882,Kingston
5674,Clarendon
4740,Manchester
9266,Westmoreland
7597,Clarendon
10361,St Mary
8453,Trelawny
9401,Trelawny
7246,St.Andrew
10459,Hanover
8866,St. James
9861,St. Ann
4996,Clarendon
8349,Kingston
7646,St. James
7159,St.Andrew
9710,St. Elizabeth
6147,Kingston
6179,Manchester
6448,Portland
7480,St. Elizabeth
5444,St Mary
8729,St. Elizabeth
8870,St.Andrew
9270,Hanover
6952,Trelawny
9254,St. James
7443,Trelawny
7980,Kingston
9773,St.Andrew
6327,Trelawny
9921,Kingston
7456,Westmoreland
5727,St. James
6543,St. Catherine
4895,Kingston
9822,St. Catherine
5846,Trelawny
10403,St.Andrew
5509,Portland
5834,Kingston
7435,Westmoreland
5092,Clarendon
6780,Manchester
4795,St. James
5186,St.Andrew
10278,Clarendon
10079,Westmoreland
7449,St Mary
5892,Manchester
6806,St Mary
8917,St. Elizabeth
6173,Trelawny
5868,St. James
6079,St.Andrew
5175,St. Catherine
8354,St. James
5475,St. Ann
4718,St. Catherine
9766,St. Catherine
9403,Hanover
7817,Hanover
7289,Trelawny
8123,St. James
4770,St. Elizabeth
5720,Hanover
6656,Portland
5818,St. Elizabeth
5395,St. Elizabeth
8822,Trelawny
9112,Trelawny
5998,Clarendon
9847,St.Andrew
4729,St. Ann
7859,Westmoreland
7329,Clarendon
7365,St. Ann
9130,Westmoreland
6206,St Mary
6589,Westmoreland
9910,Portland
6289,St. James
5336,St. James
7809,Clarendon
4995,St. James
6006,Portland
10346,St.Andrew
5878,St. Thomas
5432,Kingston
5419,Kingston
5458,St.Andrew
8350,Portland
5744,Kingston
6751,St. Ann
5839,St. Ann
7632,Trelawny
7460,Trelawny
5734,Trelawny
5277,St. Ann
5223,Westmoreland
9992,Portland
5484,St. James
5906,St. James
4678,Clarendon
4670,Portland
6923,Portland
10478,Trelawny
8858,Westmoreland
8620,St Mary
4933,St.Andrew
10295,St. Thomas
8968,St. James
5159,Portland
8749,Westmoreland
9527,Westmoreland
7989,Clarendon
9746,Westmoreland
5216,Clarendon
9221,St. Elizabeth
8986,St. Thomas
8997,Kingston
7199,Westmoreland
6102,St. Elizabeth
7072,St. Elizabeth
10207,Kingston
8147,Hanover
4787,Hanover
5976,St Mary
7564,St. James
6811,St. Elizabeth
8858,St. Elizabeth
7483,Westmoreland
5694,St Mary
8494,St. Thomas
5203,Trelawny
7970,St. James
5258,St.Andrew
9105,St. Thomas
8950,Kingston
4813,Portland
6735,Portland
4856,Westmoreland
9031,Manchester
7109,St. Ann
7109,St. Thomas
10387,St.Andrew
6287,Hanover
7475,Trelawny
6027,St. James
7839,Clarendon
5884,Kingston
8563,Hanover
8049,St. James
9744,St. James
7439,Trelawny
5989,Hanover
6436,Manchester
4999,St. Catherine
6804,St.Andrew
7859,St. Ann
4966,St Mary
10483,St. Catherine
6241,Kingston
6411,St.Andrew
9426,St. Catherine
5085,Trelawny
9681,Clarendon
4745,Westmoreland
9759,St. James
10166,Manchester
8964,Hanover
5472,Westmoreland
6865,Trelawny
9139,Hanover
7407,Westmoreland
6320,Clarendon
8755,Westmoreland
6240,St. Ann
10419,St. Ann
10317,Hanover
9211,St. Catherine
6824,Clarendon
6317,St. Ann
7008,St. Thomas
9841,St.Andrew
5100,Kingston
8231,St. Catherine
6894,Westmoreland
5265,St. Ann
10385,St. Catherine
4785,Clarendon
5284,St. Elizabeth
4977,Trelawny
7735,Trelawny
10365,St.Andrew
8734,Hanover
4852,St. Ann
7401,Kingston
4764,St.Andrew
5020,Hanover
7604,St. James
5545,Trelawny
7686,Hanover
9239,Hanover
4837,St. Catherine
8948,Westmoreland
4775,Hanover
9709,St.Andrew
7097,Trelawny
7751,Manchester
6382,St. Ann
8857,Trelawny
9534,St Mary
6675,St. Ann
5764,St. Ann
9055,Clarendon
10239,St.Andrew
7056,St. James
6328,Clarendon
9421,Hanover
5324,Clarendon
8567,St.Andrew
5243,St. Catherine
9105,St.Andrew
7731,St. James
6280,Kingston
5689,Trelawny
7737,St. Ann
5863,St. Elizabeth
6048,Hanover
6283,St.Andrew
8723,St. Elizabeth
8161,Manchester
7809,Westmoreland
5955,St.Andrew
10404,St. Thomas
10210,Hanover
5320,Clarendon
6441,Portland
10283,Clarendon
9232,Portland
7385,Kingston
6392,Hanover
9563,St. Elizabeth
7921,St Mary
9771,St.Andrew
10031,Kingston
8269,Kingston
5538,St. Thomas
5179,Clarendon
4987,Westmoreland
9292,St.Andrew
9032,St. Catherine
7462,Hanover
7624,St Mary
6295,St Mary
6407,St. Ann
5733,Portland
10395,Manchester
5134,St. James
7467,St. Ann
8646,Kingston
6550,Portland
10253,Hanover
5834,Hanover
5072,St. Elizabeth
8637,St.Andrew
7789,Manchester
7617,St.Andrew
4780,St. Elizabeth
4739,St. James
7247,St. Elizabeth
6320,Hanover
8520,Hanover
8869,St. Elizabeth
6069,Trelawny
6258,Hanover
9590,Trelawny
6747,Clarendon
5925,St. Ann
8662,Clarendon
9150,Portland
6711,St Mary
10486,Trelawny
7063,Trelawny
9855,Trelawny
5761,St. James
5082,Hanover
5471,Trelawny
5895,Clarendon
6550,St. James
6177,St. James
9802,Portland
9869,Portland
5007,Hanover
6031,St. Thomas
5016,St. Elizabeth
7941,St. Catherine
7196,St. Catherine
8812,Clarendon
5556,St. Ann
5931,Trelawny
8414,St.Andrew
5549,Clarendon
9130,St.Andrew
8824,Portland
9917,St Mary
6078,Portland
9239,Portland
9255,St Mary
6273,St. Elizabeth
9160,St. Thomas
6301,St. Ann
10059,St Mary
6275,Westmoreland
8099,Manchester
9330,St Mary
6252,Kingston
7981,Trelawny
4982,Portland
6426,Manchester
10577,St. James
8700,St Mary
6832,Kingston
5465,Hanover
9052,Westmoreland
9830,St. James
7039,Kingston
10156,St.Andrew
6083,St. Thomas
9371,St. James
7244,Westmoreland
6498,St. Thomas
7474,St. Thomas
10568,St Mary
5240,Clarendon
6414,St.Andrew
10361,Trelawny
9354,St. Elizabeth
7376,Hanover
7246,St. Ann
7977,Clarendon
5577,St. Catherine
7735,Manchester
10119,Manchester
7628,Clarendon
8435,Clarendon
9770,St Mary
10266,Manchester
5561,St. Elizabeth
5490,St.Andrew
6960,Portland
6951,St. Catherine
5668,Clarendon
8301,St. Ann
5073,St. Catherine
8174,St.Andrew
9121,St.Andrew
6054,Trelawny
8883,St. Elizabeth
4903,Trelawny
5027,St. Thomas
4861,Clarendon
6010,Clarendon
9864,St.Andrew
9146,Hanover
8845,Trelawny
6287,St. Thomas
9856,St. Ann
8467,St. Catherine
7655,St Mary
5492,Kingston
7765,Manchester
6019,Kingston
4885,Portland
8738,Manchester
4761,Portland
7598,St. Catherine
5448,Trelawny
7860,Trelawny
8871,Westmoreland
10003,St. James
7706,St. Ann
5488,St. Catherine
10483,Westmoreland
9970,St. Thomas
7337,Trelawny
7893,St. Catherine
9799,St. Catherine
6932,St Mary
10148,Trelawny
7050,Kingston
10474,St. James
8720,Portland
8495,Westmoreland
10411,Clarendon
6475,Manchester
10183,Hanover
10459,St.Andrew
5669,St. Thomas
6567,St Mary
8569,St. Elizabeth
7885,Trelawny
8146,Trelawny
5476,Clarendon
5673,Trelawny
10448,St.Andrew
10540,St. Catherine
9372,St Mary
10259,St Mary
6103,Portland
7644,Portland
5454,Trelawny
8776,St. Elizabeth
6814,St. Elizabeth
5342,Kingston
9634,St. James
7936,St.Andrew
6304,St.Andrew
7076,Kingston
9687,Portland
8399,St.Andrew
5509,St. Thomas
8605,St. Elizabeth
9221,Kingston
7966,Trelawny
9882,St. Catherine
5745,Manchester
5598,Clarendon
8103,Trelawny
9344,Portland
5890,St. James
4749,Westmoreland
8187,St Mary
9240,St. Ann
7292,Trelawny
6340,Kingston
4774,St.Andrew
4891,Westmoreland
5959,Westmoreland
8468,St Mary
5598,St. Thomas
9037,Hanover
8008,Portland
6361,St.Andrew
5967,Portland
10225,Clarendon
10440,St. Catherine
10509,St. Elizabeth
7356,St. Catherine
7155,Kingston
8822,Portland
6539,Manchester
5233,St. Thomas
9681,Manchester
7562,Trelawny
6139,Hanover
8206,St.Andrew
7094,St. James
7624,St. James
5124,St. James
5475,St. James
9446,Hanover
5030,St. Thomas
10288,St. Catherine
8364,St. James
8790,St. Elizabeth
4978,Clarendon
6732,Clarendon
6401,St.Andrew
10038,Manchester
5700,Clarendon
5454,St.Andrew
7247,Clarendon
5720,Trelawny
4779,Westmoreland
5251,Westmoreland
6514,Hanover
10093,St. Elizabeth
4788,St. James
9614,Trelawny
8918,St. Ann
4907,St. Catherine
8538,Hanover
9064,Kingston
9950,St. Catherine
5982,Hanover
8940,Trelawny
6973,St. Catherine
8138,St.Andrew
8000,Clarendon
6974,St. Catherine
7776,Hanover
7931,Trelawny
7004,St Mary
9692,Portland
5186,St. Thomas
5365,St. Thomas
4760,St. Ann
4617,Trelawny
5155,St.Andrew
4709,Portland
9286,Westmoreland
6149,Manchester
8714,St.Andrew
9587,St. James
7346,Clarendon
7954,Hanover
6947,Trelawny
6147,St Mary
7977,Clarendon
9111,St.Andrew
6887,Hanover
6832,Westmoreland
9012,Trelawny
6565,St. Catherine
8471,Portland
5649,Clarendon
6871,Clarendon
4717,St. Catherine
6756,St. Catherine
5526,St. James
8661,St. Thomas
4918,St Mary
6556,Manchester
9630,Clarendon
7830,St. Thomas
6900,Kingston
6457,St. Elizabeth
9793,St. James
9097,St. Elizabeth
8568,Westmoreland
7300,St. James
6650,Kingston
8327,Trelawny
8764,Westmoreland
10377,St. James
7210,St Mary
7750,St.Andrew
8380,St. Ann
9304,St Mary
5975,Kingston
4682,Westmoreland
10108,Trelawny
6367,Manchester
9128,St.Andrew
10539,Trelawny
8715,Kingston
7396,Clarendon
7462,Clarendon
8992,St. Elizabeth
7509,Hanover
9991,St. Elizabeth
4764,St. Thomas
4910,Clarendon
4672,St.Andrew
6157,St. James
8544,St. Elizabeth
8748,St. James
7593,Portland
10366,St. Catherine
8316,St. Ann
7942,Clarendon
5775,Westmoreland
7823,St. Catherine
6268,Kingston
8788,St. Thomas
7309,St. Catherine
5025,Trelawny
9198,Hanover
5423,Kingston
5367,St. Elizabeth
6041,St. Catherine
5420,Clarendon
9293,St.Andrew
8499,St Mary
8434,St. James
9301,St. Thomas
5814,Kingston
6280,St. James
8236,St. Thomas
8966,Manchester
8659,Manchester
7971,Portland
4691,St. Elizabeth
6053,St. Elizabeth
7242,Trelawny
6141,St. Catherine
8771,Clarendon
5128,St.Andrew
7162,Clarendon
10055,Portland
4704,St. James
5889,St. James
8828,Portland
6377,Manchester
7030,St Mary
6665,Kingston
9433,St. Elizabeth
7572,St. Catherine
7916,St.Andrew
6630,Westmoreland
8081,St.Andrew
6602,Manchester
9633,Kingston
5362,St.Andrew
6719,St. Thomas
4755,St.Andrew
10050,St. Ann
10436,Clarendon
8326,St. Elizabeth
7911,Kingston
9956,St Mary
9911,St. James
8077,St. Catherine
7380,St. Ann
4948,St. James
6048,Portland
9590,Portland
10513,Kingston
7395,Kingston
7962,St. Thomas
8596,St.Andrew
10348,St.Andrew
8736,St.Andrew
8516,St. Ann
5482,St. Thomas
9280,St. Ann
9412,Kingston
7467,Hanover
9777,St. Ann
9862,St. Catherine
8883,St.Andrew
9497,Manchester
6962,Clarendon
5855,St. Catherine
6510,St. Catherine
8299,Manchester
8326,Hanover
7694,St. Catherine
7872,St. Catherine
5488,St. Catherine
8713,St. Catherine
7755,St. Elizabeth
8392,Manchester
9505,St Mary
10093,St Mary
5966,Westmoreland
9926,St. Ann
5082,St. Ann
8202,St. Elizabeth
6648,St. Ann
9335,Kingston
6458,Portland
5639,Clarendon
7791,Clarendon
7067,Kingston
6593,St. Thomas
5648,Clarendon
4739,St. Elizabeth
4879,Trelawny
10313,Westmoreland
10546,St. Thomas
8285,Manchester
7507,St. Elizabeth
5062,Westmoreland
7877,Portland
7953,St. James
7324,St. Thomas
7686,Portland
10276,St. Elizabeth
10117,St. Thomas
6986,Kingston
4796,Hanover
7710,Portland
5571,St. Thomas
9924,St Mary
5769,Trelawny
6674,Trelawny
8947,St. Ann
10345,Westmoreland
6689,St. Ann
7779,Westmoreland
5979,Kingston
10149,Portland
5398,Westmoreland
8569,Trelawny
5670,Trelawny
5330,Westmoreland
10383,St. James
4623,Hanover
10087,St. Catherine
9357,St. Catherine
8465,St Mary
6947,Kingston
8099,St. James
5442,Trelawny
9713,Westmoreland
6419,St. Catherine
5470,Trelawny
9486,Manchester
5830,Hanover
9406,Clarendon
5673,Westmoreland
7641,St. Catherine
8163,St. Ann
9616,Manchester
8165,St.Andrew
8844,St. Elizabeth
8740,St. Catherine
5414,Trelawny
7856,Manchester
10210,Portland
5181,St Mary
7214,Kingston
9720,St.Andrew
9638,Clarendon
7647,St.Andrew
7028,St. James
7990,St Mary
8305,Westmoreland
5652,St. James
9172,Westmoreland
6141,St Mary
4966,St. James
10045,Portland
8330,St. Thomas
6722,St. James
4895,Trelawny
4612,St Mary
5017,Manchester
10513,St. Ann
5729,St. Catherine
6100,Trelawny
9909,Clarendon
5194,Manchester
7427,St. Thomas
7871,Portland
6537,St. Thomas
9721,Manchester
9161,Hanover
7663,Manchester
7215,Westmoreland
4793,Trelawny
6808,Manchester
6905,St. Thomas
8280,St. Ann
8657,St. Elizabeth
7685,Portland
7005,St. Elizabeth
10084,St.Andrew
9625,St. Catherine
8857,Manchester
8337,St.Andrew
4735,St. Catherine
4930,St. James
6224,St. Elizabeth
8258,St. Ann
8666,Manchester
6956,Portland
5000,St Mary
8984,Portland
5728,Hanover
7023,St. Elizabeth
8079,St. Catherine
8873,Manchester
6541,Trelawny
9950,St. Catherine
7626,St. Ann
5615,Hanover
7492,St Mary
4963,St. Thomas
7827,Hanover
5226,Kingston
6659,Kingston
4842,St. Catherine
7143,St. Catherine
8546,Manchester
6068,Westmoreland
10359,St. Thomas
8083,St. Elizabeth
10320,Kingston
9642,Manchester
7854,St Mary
10225,St. Thomas
8959,St. Ann
9969,St. Elizabeth
9507,St Mary
9946,Hanover
8538,St. Catherine
10495,Trelawny
8795,St.Andrew
6288,St. Thomas
10391,St Mary
6520,Portland
9722,St. James
8494,Kingston
7312,Portland
9190,Westmoreland
5361,St Mary
8185,St Mary
6778,St. James
9078,Trelawny
4906,St.Andrew
5176,Westmoreland
9972,Hanover
4860,St. James
8008,St. Ann
4672,Westmoreland
9648,St. Catherine
9738,St Mary
8549,St. Catherine
10366,St. Thomas
10270,St. Elizabeth
9355,St. Ann
10542,St.Andrew
5665,Trelawny
4717,Kingston
9036,Trelawny
6167,St.Andrew
4774,St. Elizabeth
6891,St Mary
9575,Portland
5792,Westmoreland
9972,Manchester
7818,St.Andrew
8798,St Mary
10184,Westmoreland
8179,Westmoreland
10288,St Mary
4772,St.Andrew
6083,Hanover
8079,St. Catherine
6038,Portland
6527,Hanover
7323,St Mary
5039,St. Ann
8443,St. Elizabeth
6275,Portland
5668,Hanover
7032,St.Andrew
7793,St Mary
8600,St Mary
8111,St. Thomas
4646,Westmoreland
7627,Hanover
9899,Clarendon
9405,St. Ann
10260,Portland
5820,Portland
5396,St. Catherine
5979,Clarendon
6684,St. James
6660,St.Andrew
10260,St. Thomas
5132,Clarendon
5316,Hanover
10423,Hanover
8397,St Mary
5991,Kingston
8589,Portland
6787,St. Thomas
10035,St. Ann
9483,St.Andrew
8209,Manchester
8632,St. James
5395,St. Elizabeth
7707,Westmoreland
5974,St. Catherine
8115,St. Catherine
9283,St. Catherine
8349,St. Thomas
5968,St. Catherine
6354,Hanover
6559,St. Ann
5745,Kingston
9046,St. Elizabeth
10158,St.Andrew
7305,Trelawny
6578,Clarendon
8872,Trelawny
9837,Manchester
6836,St. James
7317,Trelawny
5652,St. Catherine
7811,Trelawny
5570,Portland
6253,Trelawny
4826,St. Elizabeth
8936,St.Andrew
9622,St Mary
6933,Clarendon
6799,St.Andrew
7497,Westmoreland
4737,St. James
9184,Trelawny
9257,St. Elizabeth
7477,St Mary
5120,St. Thomas
9914,St. Ann
5547,Trelawny
8279,Manchester
10065,Trelawny
9889,St Mary
9577,St. Ann
9210,St. Catherine
10167,Portland
10460,St. Ann
6241,St. Thomas
7450,Trelawny
6248,Trelawny
6785,Hanover
4618,St.Andrew
6526,Clarendon
4770,St. Catherine
8094,Hanover
7983,St. Thomas
8282,St. Catherine
8751,Westmoreland
8956,St. Catherine
8548,St. Ann
9930,Portland
5956,St. Thomas
9127,Clarendon
9123,St. Catherine
7822,St. James
7479,Hanover
6333,Manchester
9674,St. Elizabeth
9585,Manchester
8837,Kingston
9843,Hanover
9741,St.Andrew
7606,St. James
10425,Kingston
6720,Westmoreland
7881,St. James
5769,Portland
5305,St. James
7175,Clarendon
7896,Westmoreland
9771,Portland
6786,St. James
5634,Manchester
6022,Portland
7031,Portland
4624,St. James
8743,St. Elizabeth
10182,Clarendon
8061,Hanover
7419,St.Andrew
5076,St. Elizabeth
6144,Westmoreland
8323,St. Ann
7342,St. Thomas
7056,St Mary
9110,Portland
9997,St. Ann
6893,Trelawny
7346,Manchester
5108,Trelawny
10524,Kingston
7461,Clarendon
8910,St. Catherine
9789,Trelawny
5655,St. Catherine
5771,Kingston
4927,St. Elizabeth
5190,Clarendon
8092,Westmoreland
8748,St. James
8104,St. Elizabeth
5587,Manchester
5614,St. Elizabeth
6800,Manchester
8324,St. Ann
9373,St Mary
5186,St. James
9396,St. James
8732,St.Andrew
7713,St. Thomas
7884,St. Catherine
6616,Manchester
5509,Westmoreland
4776,St. James
8413,St. Elizabeth
10472,St Mary
10557,St. James
4695,Portland
9143,St Mary
5559,St. Elizabeth
9509,St.Andrew
7488,St. James
9515,St. James
7993,Clarendon
9067,Manchester
9834,St. Ann
5728,Clarendon
8251,Clarendon
8152,Hanover
5492,Kingston
7482,Trelawny
5438,Portland
9594,St. Catherine
6834,Manchester
5939,Manchester
9307,Kingston
8707,Westmoreland
7517,St. Catherine
9291,St Mary
6227,St.Andrew
9310,St. James
7342,Manchester
6643,St Mary
4858,St. James
5385,St. Ann
7898,St. Thomas
7498,St.Andrew
9285,Manchester
10408,St. Catherine
9361,St. Elizabeth
8037,St. James
9592,Portland
6183,St. Ann
8422,St. Thomas
8464,St.Andrew
8374,Kingston
8365,St. Elizabeth
4845,Trelawny
6316,Hanover
9595,Kingston
10551,Portland
9408,Clarendon
8676,Kingston
7978,Kingston
8269,Trelawny
10163,St. Elizabeth
9770,Hanover
6426,Kingston
9364,Manchester
6907,St. Thomas
5938,Hanover
8237,St. Catherine
9258,St. Catherine
10524,St.Andrew
9757,Hanover
8957,Westmoreland
4704,St. Elizabeth
5276,Westmoreland
6050,Hanover
7136,Clarendon
4974,Hanover
8191,St. Catherine
7782,St. Catherine
5604,Kingston
10285,Kingston
8544,Manchester
7234,St. Thomas
9283,St.Andrew
7788,St Mary
10218,Portland
9985,Trelawny
9839,St. Catherine
10508,St. James
9552,Hanover
9942,Trelawny
9636,St.Andrew
10550,St. James
9895,St. Elizabeth
6705,St. Elizabeth
10419,Manchester
8913,Westmoreland
7921,St. Ann
9321,St. Ann
4645,Manchester
5220,Hanover
6985,Clarendon
8624,Westmoreland
7863,St Mary
7635,St. Elizabeth
6303,Hanover
7352,St. James
9115,Westmoreland
6411,St. Catherine
6232,Hanover
5410,St. Ann
8793,St Mary
5292,Westmoreland
6388,Portland
4645,Trelawny
6524,Kingston
5337,Manchester
9022,St. Catherine
6412,St. Catherine
6165,Portland
10464,St. James
8647,Portland
6793,St. Ann
7572,Kingston
10327,Hanover
8996,Manchester
4761,Kingston
7406,Trelawny
8381,St Mary
8678,St. Ann
8802,Portland
9362,St. Elizabeth
9471,St Mary
6219,St Mary
9535,St. James
6773,Manchester
8850,St. Thomas
5309,Hanover
6847,St. James
8320,St. Catherine
8289,St. Catherine
10270,Manchester
9002,Westmoreland
9257,Portland
8782,St. Elizabeth
9592,Manchester
8390,Westmoreland
10006,Kingston
6628,Manchester
8537,St. Catherine
8280,Kingston
5978,St. Catherine
7704,St Mary
6828,St. Elizabeth
4645,Manchester
5882,Manchester
4715,Clarendon
6811,St. James
8173,St. James
5674,St.Andrew
9817,Portland
6860,St.Andrew
9823,Westmoreland
8904,Hanover
5074,St Mary
8659,Hanover
9207,St Mary
9100,Westmoreland
8959,St. Catherine
8223,Kingston
6720,St. Thomas
5790,Kingston
8918,Trelawny
5801,St.Andrew
5318,Clarendon
8319,Trelawny
10364,St.Andrew
6528,Portland
8055,St Mary
7236,Manchester
5324,Hanover
5734,Trelawny
8970,Manchester
7480,St. Elizabeth
8402,St Mary
4866,St. Elizabeth
9413,St. James
4894,St Mary
7653,St. Ann
9835,St Mary
6049,Kingston
5924,Clarendon
8476,St. James
8322,Kingston
7307,St. James
5592,St.Andrew
9540,St. Elizabeth
9813,St. James
9290,St. Ann
8845,St. Thomas
6143,Kingston
10238,Kingston
7447,St. Catherine
4893,St.Andrew
6145,Trelawny
7969,Clarendon
5332,Manchester
10041,St.Andrew
5670,St. Elizabeth
8851,Portland
6302,Westmoreland
9554,Westmoreland
8755,St. Catherine
5608,Westmoreland
8487,St.Andrew
5311,St Mary
5057,St. Ann
8261,Portland
8807,Trelawny
9338,Hanover
6195,Portland
6748,Kingston
9810,St. Elizabeth
9527,Kingston
7072,St Mary
6809,St Mary
9857,St. Thomas
7157,Portland
5362,St Mary
5583,Manchester
9229,Westmoreland
8117,Hanover
8582,Trelawny
7663,St Mary
10283,Kingston
5599,Portland
6179,Kingston
5720,Westmoreland
8408,Westmoreland
6477,St.Andrew
6961,St.Andrew
4753,Manchester
8946,Trelawny
7806,Hanover
6370,Manchester
6674,Portland
10318,Trelawny
5959,Manchester
9902,Hanover
7791,Westmoreland
8283,St. Thomas
10544,St. Elizabeth
5955,St. Catherine
9748,Manchester
9910,Hanover
8142,Clarendon
6496,St.Andrew
6075,St. James
8966,St. James
10572,St.Andrew
7162,Hanover
4934,St. Ann
7000,St Mary
9510,St. Thomas
9540,St. Elizabeth
5245,St Mary
5335,St. Catherine
6263,St Mary
5419,Portland
9731,St. Thomas
10178,Westmoreland
8530,St. Thomas
7955,Portland
7157,St. Catherine
5791,St. Catherine
8916,St. Thomas
6922,St. Thomas
5653,Manchester
8202,St. Catherine
9280,St. Ann
8772,St. Thomas
9630,Hanover
7418,Clarendon
9325,St.Andrew
5313,St. Catherine
9501,St. Ann
5028,Kingston
10521,St. Ann
8881,Portland
9327,Clarendon
4932,St Mary
6594,Trelawny
7350,St.Andrew
7266,St. Ann
7502,Clarendon
8337,Westmoreland
6967,Hanover
7092,Hanover
9665,St. Elizabeth
8437,St. Elizabeth
9223,Hanover
10020,Hanover
7154,St Mary
7783,St. Elizabeth
8080,St. Catherine
6362,St Mary
8368,Trelawny
4849,Kingston
7122,St Mary
5517,St. Thomas
6570,Portland
8268,St. James
6908,Clarendon
6219,St. James
8804,Trelawny
9877,Manchester
8872,St. Elizabeth
5836,Clarendon
4734,Clarendon
7743,St. Thomas
8857,St. James
6157,Manchester
6192,Manchester
10494,Clarendon
9806,Manchester
6438,St.Andrew
9717,St. Catherine
7787,St.Andrew
5140,St. Catherine
5913,Hanover
10164,Clarendon
7798,Westmoreland
7900,St. Elizabeth
8777,St Mary
7529,Kingston
4673,Clarendon
7372,Trelawny
6033,Portland
9717,Westmoreland
9272,Portland
7032,Westmoreland
6254,St.Andrew
10371,St. Catherine
9948,Trelawny
9367,Manchester
7967,Trelawny
4717,Hanover
7925,St. Thomas
7150,Westmoreland
8537,Manchester
8245,St. James
5315,St. Thomas
10302,Portland
9231,Westmoreland
8278,St. Catherine
10345,Portland
10243,Kingston
8021,St.Andrew
6225,St. Elizabeth
5806,Westmoreland
8292,St. Thomas
6239,St. Catherine
5993,Trelawny
4668,St. Ann
8214,Clarendon
10316,St. Elizabeth
9425,Clarendon
9422,St. Thomas
9615,Manchester
6043,St.Andrew
6307,Clarendon
5316,Westmoreland
5495,Westmoreland
4617,St. Elizabeth
7579,Manchester
9429,Trelawny
6811,Clarendon
9039,St. James
5862,Portland
6065,St Mary
9094,Clarendon
9010,St. Catherine
6361,Trelawny
7143,Portland
6172,St. Elizabeth
7653,St. Thomas
7341,St. Elizabeth
8122,St. Thomas
6507,St. Elizabeth
4971,St. Elizabeth
7129,St. Ann
5565,St Mary
10090,St. Thomas
7615,St.Andrew
10097,Manchester
9953,Kingston
8207,Manchester
6643,St. Thomas
7464,St. Thomas
9254,St. Catherine
9340,St. James
8454,Portland
6065,Clarendon
9288,St. Thomas
4666,St. Catherine
4894,St. Elizabeth
8516,Trelawny
8456,Manchester
7859,Hanover
7023,Westmoreland
4811,St.Andrew
9936,St. Elizabeth
9572,Clarendon
4723,Manchester
7280,Portland
6180,Trelawny
5777,St Mary
8998,St Mary
7272,St. Catherine
10283,St. Ann
5833,St. James
9445,St.Andrew
7753,Kingston
7333,Clarendon
8709,St. James
9084,Portland
9609,Manchester
4754,Portland
10028,Hanover
6008,Hanover
9547,Clarendon
7728,Manchester
7591,Hanover
9504,St. Elizabeth
10014,Kingston
9012,St. Elizabeth
6670,St. Catherine
7991,Manchester
9295,Kingston
6896,St.Andrew
5181,St Mary
8530,Westmoreland
5130,St. Ann
5936,Kingston
8728,St Mary
5965,Trelawny
5419,St. Catherine
6852,St. Thomas
4675,St.Andrew
8190,St. Catherine
6693,St. Thomas
9987,St.Andrew
4650,Westmoreland
9716,Manchester
5843,St Mary
10461,Trelawny
4895,St. Elizabeth
7331,St. Elizabeth
10168,Manchester
9545,St. James
10483,St. Catherine
9488,St Mary
8411,Clarendon
4827,St. Catherine
8170,Portland
9543,St. Thomas
7009,Portland
6342,Manchester
6038,St. Thomas
5813,Portland
5602,Hanover
6171,St.Andrew
8674,St. James
9191,Trelawny
9210,Manchester
8012,St. Thomas
7082,Clarendon
10440,St. Catherine
10069,Clarendon
6282,St. Catherine
5167,St. Catherine
6229,St. Ann
7756,St. Ann
7194,St Mary
7368,St. Ann
7149,St.Andrew
7414,St Mary
10015,Portland
9750,Westmoreland
7739,Hanover
5475,Portland
5946,St. Elizabeth
7853,St. Ann
10437,St. Elizabeth
5014,Hanover
6354,St.Andrew
5728,St. Thomas
9466,St. Ann
7254,Clarendon
7974,Kingston
5114,St. James
4961,Clarendon
10231,St. Ann
5553,Portland
10343,Kingston
7211,St Mary
5604,Clarendon
9673,Westmoreland
5511,St. James
5924,Portland
6279,Clarendon
5550,Hanover
8959,St. Thomas
6598,Portland
7989,St. Elizabeth
6140,Manchester
8137,St Mary
6055,St Mary
10200,Manchester
7913,St. Ann
7370,Portland
8653,Trelawny
8965,St. Elizabeth
5875,St. Ann
6296,Westmoreland
7521,Portland
6597,Clarendon
9137,St.Andrew
10523,St. Elizabeth
9831,St. Thomas
9244,Kingston
6781,St. Elizabeth
9389,St. James
4937,St. Catherine
5747,Portland
9787,Portland
4645,Westmoreland
5874,Trelawny
6948,St. Ann
6981,Trelawny
9315,Hanover
6955,Clarendon
8380,Kingston
6258,St.Andrew
10426,St Mary
4814,Kingston
9676,St Mary
5554,St. Thomas
8127,St. Elizabeth
10009,St. Elizabeth
9876,Kingston
6292,Kingston
8963,Portland
10325,Manchester
9751,St. Ann
8124,St. Ann
10459,Manchester
8306,Kingston
4900,St. Ann
6678,Hanover
9592,St. Catherine
9246,Hanover
5704,Hanover
4693,Westmoreland
9762,St. Ann
8010,Portland
5196,St. Catherine
5572,Manchester
8659,Manchester
6115,St Mary
7251,Kingston
9825,Manchester
8771,Clarendon
9204,St Mary
5133,St. Thomas
10581,Hanover
10173,Hanover
6280,St Mary
4627,St. Elizabeth
6513,St.Andrew
5728,St. Elizabeth
6573,St. Ann
10300,St. Ann
9437,St. Elizabeth
7305,Westmoreland
6835,St. James
8873,Westmoreland
7824,Kingston
9685,Trelawny
10166,St. James
7621,St.Andrew
10062,Hanover
6521,St. Ann
8544,St. James
8954,Clarendon
6513,St. Elizabeth
10470,Hanover
6102,Manchester
4994,Trelawny
7697,St. James
9488,Clarendon
8146,Portland
8805,St Mary
10170,St.Andrew
7806,Kingston
8708,St. Elizabeth
10025,St. Ann
6228,Hanover
8410,St. Catherine
5027,Trelawny
5873,St. James
8606,St Mary
5327,Manchester
9546,St. Ann
4799,Hanover
9700,Clarendon
9864,St.Andrew
8105,Manchester
9911,St. Ann
5571,St.Andrew
7885,St. Thomas
5837,Trelawny
7044,St. Elizabeth
9102,St Mary
7216,St.Andrew
10279,St.Andrew
4749,Clarendon
6128,Kingston
8827,St. James
9411,St. Thomas
5414,St. Ann
9345,St. Thomas
4640,St. Thomas
9180,St. Ann
6567,Hanover
7772,Portland
9726,Portland
9780,Clarendon
10060,St. Thomas
7109,Manchester
10220,Portland
6746,St. Ann
8864,St. Catherine
7846,St. Catherine
5656,Trelawny
6353,St.Andrew
6282,Kingston
5940,St. James
8871,Portland
10294,St. Elizabeth
8531,St.Andrew
9930,Portland
9819,St. Elizabeth
9624,St. Catherine
10173,St. James
9394,St. Elizabeth
8672,Westmoreland
10087,Manchester
6455,St. Ann
5514,St. Elizabeth
9503,Clarendon
9148,St. Catherine
6615,St. Catherine
6139,St Mary
6203,St. Elizabeth
9649,St. Thomas
5034,St. Catherine
10120,Portland
9617,Hanover
9871,St. Elizabeth
6412,St Mary
5362,Manchester
6320,Trelawny
9691,Clarendon
10264,St. Ann
4818,Clarendon
8632,Portland
5167,St. Thomas
9395,St. Elizabeth
6770,St.Andrew
10218,Portland
6766,Trelawny
6490,Manchester
5482,Hanover
4823,Clarendon
6471,Clarendon
6067,Kingston
8173,St. Thomas
5796,Kingston
6100,Westmoreland
8232,Westmoreland
6556,Manchester
6233,St. Catherine
8201,St. Elizabeth
5463,Hanover
9735,St. James
5409,Westmoreland
5440,Portland
7922,St. Thomas
5564,St. Thomas
8558,Trelawny
6427,St.Andrew
7038,Manchester
6071,St.Andrew
8988,St Mary
9559,St Mary
9586,St. Catherine
4890,St. James
5366,Kingston
8382,St. Ann
5868,Portland
4913,Portland
7298,St. Catherine
7937,Manchester
9139,St Mary
5858,St. Thomas
7884,St Mary
5266,St Mary
6814,Hanover
10370,St. Thomas
5507,Trelawny
9570,St. Ann
7790,Clarendon
6059,Clarendon
9398,Westmoreland
7294,Trelawny
6403,St.Andrew
6820,St. Ann
4610,Manchester
7891,St. Elizabeth
8904,Kingston
8774,Kingston
10335,Trelawny
8338,Clarendon
9045,Kingston
4978,St. Thomas
9195,St Mary
9429,St.Andrew
8307,St.Andrew
10537,St Mary
7548,Westmoreland
6665,Clarendon
4729,Westmoreland
5414,St. Catherine
7355,Portland
10232,Manchester
5312,St. Ann
7081,Westmoreland
5741,St Mary
4842,St.Andrew
9847,Westmoreland
6330,Hanover
7643,St. Ann
4830,St. Catherine
9568,Hanover
9958,St. Elizabeth
9709,Portland
8172,St Mary
9310,St. Elizabeth
6702,Manchester
6276,Portland
6176,St. Elizabeth
7435,Portland
5637,St. Thomas
5143,Trelawny
5759,St. Catherine
5439,Hanover
6692,St. James
9834,Manchester
9568,St. Elizabeth
8393,St. Elizabeth
7081,St. Ann
7215,Trelawny
8585,Trelawny
7853,St. Thomas
8739,St.Andrew
9296,Westmoreland
8223,St. James
8314,St. James
8069,St. Thomas
8452,St. Ann
5692,Kingston
9538,Westmoreland
7642,Kingston
5289,Trelawny
8592,Hanover
7619,Westmoreland
4674,Westmoreland
6858,Trelawny
9191,St. Elizabeth
9478,St.Andrew
7048,Portland
9553,St. James
8079,Hanover
4735,Westmoreland
10142,St Mary
4609,St.Andrew
7301,St. Thomas
4685,St. Catherine
7157,St. Catherine
7082,Hanover
8338,St. Elizabeth
5837,St. Thomas
5150,Trelawny
7111,Portland
8758,St Mary
8602,Clarendon
5137,St. Ann
10153,Portland
9992,St Mary
9918,St. Elizabeth
9635,Manchester
4935,St.Andrew
6665,Hanover
9098,Kingston
7991,St. Ann
5678,Manchester
9387,St.Andrew
8756,Trelawny
9174,Hanover
4596,St. Elizabeth
6896,St. Ann
7828,St. Elizabeth
6975,Clarendon
9308,St Mary
8414,St. Thomas
5111,St. Ann
8666,Hanover
9439,Portland
8126,Westmoreland
10141,St.Andrew
7843,St. James
4765,St Mary
6089,St. Elizabeth
8882,Trelawny
5186,Manchester
4984,St. James
7320,St. James
7311,Trelawny
9343,Portland
6497,Hanover
5708,Trelawny
6578,Kingston
10122,Clarendon
4767,St.Andrew
6399,Clarendon
4875,St.Andrew
6745,Westmoreland
8154,St. Catherine
8967,St Mary
9084,St Mary
9065,St. James
9201,St. Ann
10067,Westmoreland
5665,St. Thomas
6314,Kingston
7132,Trelawny
8936,Manchester
10296,Kingston
4812,Hanover
7518,St. Elizabeth
4772,St. James
5435,Manchester
6605,St.Andrew
7979,St Mary
9461,St. Catherine
6734,Kingston
4950,St. Catherine
6426,St.Andrew
6247,St.Andrew
6675,Portland
10505,Westmoreland
4905,Clarendon
9656,Clarendon
8107,St. Elizabeth
10141,St. Elizabeth
5564,Hanover
6789,St. James
9275,St. Catherine
8177,St. Catherine
8718,St. James
7734,Kingston
7169,St. Elizabeth
5269,St. James
6115,Manchester
6498,Clarendon
10049,Manchester
10221,Manchester
6992,Clarendon
5742,Clarendon
10403,Hanover
9075,Kingston
8897,St Mary
10096,Westmoreland
6129,St. Ann
4945,Trelawny
8332,St. Ann
7979,Kingston
10267,Clarendon
8925,St. Thomas
4704,Manchester
5119,St.Andrew
10357,St. Thomas
5104,Clarendon
6663,Westmoreland
7198,Kingston
8691,St. James
9141,St. Catherine
9896,St. Catherine
10444,Trelawny
10453,Westmoreland
4849,Westmoreland
10095,St. Catherine
8486,Manchester
6305,St. James
5362,St.Andrew
5409,St. Ann
7256,Trelawny
9561,St.Andrew
7265,St. Elizabeth
7898,Clarendon
8976,Manchester
10538,St. Catherine
6470,Westmoreland
6069,St.Andrew
6481,St. Catherine
7709,Manchester
7059,St Mary
6408,St. James
8044,Westmoreland
9603,Clarendon
7765,St. Catherine
9917,Kingston
7407,St Mary
5693,St Mary
7638,St. Thomas
8685,St.Andrew
9263,Kingston
7713,Portland
10368,Trelawny
7478,St.Andrew
5077,Clarendon
4793,St. Thomas
4828,St. Elizabeth
4946,Manchester
7229,St. Elizabeth
7557,St. Thomas
10002,Kingston
10225,St Mary
4762,Manchester
7811,St. Elizabeth
8413,St. Ann
4785,St. Elizabeth
7646,Trelawny
6530,St Mary
5502,St. Catherine
7890,St. James
9267,Kingston
10452,Hanover
9474,Manchester
6499,St.Andrew
10481,St. Elizabeth
9391,St. Elizabeth
7069,St. Thomas
8719,St. James
5195,St. Catherine
8951,Portland
10269,Manchester
4652,St. Catherine
6790,St. Ann
9926,St. Catherine
5190,St Mary
7690,St Mary
5721,Kingston
6889,Clarendon
8327,Kingston
10238,Kingston
9541,St. James
7451,Trelawny
9064,St. James
4819,St. Catherine
6930,Westmoreland
8469,Westmoreland
8478,St.Andrew
6871,Hanover
7399,Portland
4950,St. Thomas
8923,St Mary
6759,Kingston
10496,Westmoreland
5082,St.Andrew
9463,St. James
6717,St. Catherine
8728,Trelawny
8089,Trelawny
9131,St Mary
7450,Trelawny
5428,Portland
7539,Hanover
5026,St. Catherine
6751,St. Thomas
8377,St. Ann
6633,Clarendon
6698,Portland
10425,Manchester
8961,Clarendon
9138,St. Catherine
4883,Hanover
6547,St. Thomas
9306,Portland
6739,Trelawny
5314,St.Andrew
5199,Trelawny
10202,Trelawny
6124,Trelawny
8787,St. Elizabeth
9130,St. Thomas
9221,Trelawny
4669,St. Thomas
7029,St Mary
6135,Hanover
8835,Hanover
9356,St.Andrew
5121,St. Elizabeth
7345,Trelawny
8435,Trelawny
10194,St.Andrew
8298,St. Catherine
10213,St. Ann
6503,St. Ann
8366,St Mary
10279,St Mary
6439,St. Elizabeth
10240,St.Andrew
10245,Clarendon
9822,St. Thomas
8774,Clarendon
8959,Trelawny
8947,St. Catherine
8025,Trelawny
8374,St Mary
4668,Clarendon
10449,St. Catherine
6640,St.Andrew
6101,Clarendon
4787,Westmoreland
8045,St. James
9823,Clarendon
10390,St Mary
9394,Trelawny
9989,Kingston
5175,St. Elizabeth
6277,St. James
9853,St. Ann
5649,St. Catherine
8809,St.Andrew
10423,St. James
6945,Westmoreland
7230,St. James
6968,Trelawny
4736,Trelawny
8508,Hanover
4658,Portland
5762,St.Andrew
9623,St Mary
6983,St.Andrew
5902,Portland
10068,Portland
5574,Westmoreland
9503,Clarendon
6812,Clarendon
4845,St. James
5735,Clarendon
6597,St.Andrew
10356,Trelawny
7304,St.Andrew
7988,St. Ann
8823,Hanover
7637,Kingston
7802,Portland
8630,Manchester
8889,Westmoreland
10007,St. Thomas
6615,St. Ann
6316,Clarendon
8178,Manchester
7395,St.Andrew
6358,Trelawny
4611,St. James
8760,Clarendon
10010,Trelawny
7464,St. Catherine
9973,Clarendon
6676,St Mary
6156,Westmoreland
7967,Hanover
9087,St. James
10199,St. Thomas
5155,Westmoreland
7099,St. Ann
5707,Westmoreland
7629,Portland
6482,St. James
9602,St. Elizabeth
5978,Manchester
9124,Portland
9146,St. James
7649,Manchester
9517,St. James
7385,Portland
9789,Manchester
9133,Clarendon
9465,Kingston
9269,St. Ann
7537,Kingston
10354,St. Elizabeth
6990,Clarendon
8572,St. Ann
7526,St. Thomas
9783,Westmoreland
9295,Kingston
9044,Manchester
5449,St. Elizabeth
6632,Manchester
9933,St Mary
7159,Kingston
6449,St. James
9703,St. Elizabeth
7924,St Mary
4888,Manchester
5196,St Mary
7631,St. Thomas
6075,Portland
7989,St. James
7601,Trelawny
8839,St. Catherine
5356,Hanover
5098,St Mary
5685,St. Elizabeth
8053,Hanover
10346,St Mary
8614,Clarendon
8962,Clarendon
7329,Manchester
6681,Westmoreland
9233,St.Andrew
6645,Westmoreland
8912,St. James
8945,Manchester
5977,Westmoreland
6779,St. James
10270,St. Catherine
6786,St. Catherine
6439,Trelawny
6510,St. Catherine
7580,St. James
6581,Trelawny
9781,Manchester
9418,St.Andrew
7157,Trelawny
4794,Manchester
8658,St. James
6353,Portland
9423,St. Ann
9924,Portland
8758,St. Catherine
9280,St. Elizabeth
6400,St.Andrew
6846,St. Catherine
5472,St. Ann
4609,St. James
7284,St Mary
5920,St. Elizabeth
9731,Kingston
5493,Trelawny
5289,St. Ann
5095,St. Ann
6199,Kingston
7488,St Mary
9489,Trelawny
5048,St. James
5908,St. James
6553,St.Andrew
5364,Westmoreland
9958,Westmoreland
7802,Clarendon
6589,Trelawny
5040,Hanover
6963,Kingston
6965,Westmoreland
9354,St. Ann
5161,St Mary
10164,St. Thomas
7523,Kingston
5281,St. Thomas
6198,St Mary
5367,St. Ann
7895,St. Thomas
9647,Kingston
5996,Clarendon
9380,St Mary
7440,St. Elizabeth
5974,St Mary
9943,Trelawny
5987,St. Thomas
10414,Portland
5899,St. James
6901,St. James
5579,Westmoreland
10309,Trelawny
10197,St. Catherine
4945,St.Andrew
6476,St. Catherine
7505,St Mary
6957,St. James
5815,Portland
6066,Kingston
10368,St. James
7356,Westmoreland
7517,St.Andrew
5410,Manchester
8618,Trelawny
9413,St Mary
8433,St. Thomas
9845,Trelawny
5598,St. Elizabeth
6484,St. James
8125,Westmoreland
5872,Hanover
10150,St. Thomas
8788,Clarendon
9627,St. Thomas
7764,St. Ann
7600,St. Elizabeth
10154,St. Catherine
7480,Westmoreland
5995,St. Ann
8983,Clarendon
6501,Clarendon
5619,Portland
5504,St. Thomas
7235,Trelawny
9889,Clarendon
9179,Portland
8192,Hanover
7261,Trelawny
10089,St. Elizabeth
8078,St. Thomas
9275,St.Andrew
7223,St. James
5063,St. Ann
5647,Portland
6710,St. James
9889,Clarendon
10230,Kingston
6106,Portland
5977,Clarendon
8155,St. Elizabeth
9878,St Mary
10098,St. James
7020,St.Andrew
7298,Clarendon
10419,St.Andrew
9192,St. Ann
5953,St. James
6402,Trelawny
8938,Westmoreland
10491,Trelawny
4885,Hanover
9652,Portland
8357,St.Andrew
10003,Kingston
6023,St.Andrew
6042,St.Andrew
8017,St. Thomas
9469,Kingston
8388,Hanover
9537,St.Andrew
10213,Manchester
10033,Kingston
5104,Hanover
5949,St. Catherine
6350,Hanover
5512,St. Catherine
9983,Kingston
10395,Manchester
6155,Westmoreland
8284,St. Catherine
9407,St. Ann
10143,St. Catherine
9741,St. Thomas
7295,Clarendon
5365,St Mary
6532,St. Thomas
9621,St. Catherine
5881,Kingston
9836,Clarendon
9355,Manchester
6433,St. Elizabeth
8656,Hanover
7802,Westmoreland
9925,Manchester
5798,Manchester
6664,St. James
5636,Westmoreland
7510,St Mary
5125,St Mary
8511,Westmoreland
9253,St Mary
5805,St. James
9479,St. Elizabeth
10264,St. James
9589,Kingston
6569,St. Ann
7254,Hanover
9544,Trelawny
7459,St. Catherine
7664,Westmoreland
6987,Clarendon
7132,St. Catherine
4936,St. James
10077,St.Andrew
10317,Westmoreland
5123,St Mary
5490,Trelawny
6566,St. Elizabeth
9946,St.Andrew
9498,Westmoreland
6547,St. Thomas
9994,St. Elizabeth
10049,Kingston
7135,Clarendon
6061,Portland
4983,St Mary
8336,Kingston
5157,St.Andrew
8257,St. Ann
10456,Portland
10082,St.Andrew
10120,Kingston
7454,Portland
8330,Kingston
5258,St. Ann
8981,Hanover
8402,Hanover
8420,St. Thomas
7707,Kingston
6936,St. Ann
6433,St. Ann
6746,St. Catherine
7154,St. Ann
9946,St. Ann
8576,Trelawny
5980,St. Elizabeth
6335,St.Andrew
9772,St Mary
6202,St. James
9264,Westmoreland
7710,St. Elizabeth
7937,St. James
8461,St Mary
5837,St. Thomas
6533,Hanover
8037,St. James
9265,Clarendon
8527,St. Ann
6185,St Mary
5904,Portland
8884,Westmoreland
7654,St. Ann
8288,Hanover
8555,Kingston
9156,Kingston
9715,St. Elizabeth
9104,St. Elizabeth
5230,St. Elizabeth
9421,Hanover
10399,St. Ann
6946,Kingston
10487,St.Andrew
8718,Clarendon
9523,Clarendon
5268,Portland
8791,Manchester
7518,St. Catherine
8223,Westmoreland
10128,St. James
8851,Westmoreland
5813,St.Andrew
5414,St. Elizabeth
8479,St Mary
7237,St. James
5645,Clarendon
8036,St. Ann
5502,Westmoreland
4958,Manchester
6913,St. Ann
7147,St. Catherine
9067,Portland
7472,St. Catherine
9427,Westmoreland
5736,St. James
7354,Hanover
5132,Clarendon
6989,Westmoreland
10014,St. Ann
8649,Westmoreland
6519,St.Andrew
5983,Trelawny
10478,St Mary
9836,St. Catherine
8634,Portland
8983,St. Thomas
5859,Kingston
10256,St. Thomas
10453,St Mary
9839,Westmoreland
9960,St. James
6079,Hanover
6058,St. James
8319,Kingston
10302,St. Catherine
9164,Trelawny
6376,Kingston
7179,Trelawny
9568,St. Ann
8740,St. Catherine
8846,St. James
6256,St. James
4977,Manchester
6433,Kingston
9754,Clarendon
8685,Hanover
8061,St.Andrew
6235,St Mary
4711,St. Ann
7961,Clarendon
8076,Hanover
10149,Westmoreland
7219,Manchester
9044,Manchester
9949,Manchester
6018,St. Ann
5029,St. Thomas
7365,St. Thomas
9412,Clarendon
7083,St. Catherine
9294,St.Andrew
9544,St. James
5888,Portland
4718,Clarendon
8664,Portland
6371,St. Thomas
9349,St. Elizabeth
5682,Portland
7945,St. Elizabeth
9028,Hanover
8377,Trelawny
5639,St. Catherine
7005,St. James
9032,Westmoreland
7516,St Mary
8086,St. Thomas
7850,Trelawny
7834,Manchester
7440,Clarendon
5028,Clarendon
8749,St Mary
4606,St. Ann
7333,Kingston
7524,Manchester
4719,Portland
5966,Kingston
5504,Clarendon
8282,St. Ann
7110,Kingston
7372,Clarendon
5855,St.Andrew
6097,St. Elizabeth
6648,Trelawny
5474,Westmoreland
6950,Portland
4779,St. Catherine
6948,Manchester
5216,St. Ann
4976,St. Thomas
10250,Westmoreland
5482,St. Thomas
10288,St. Thomas
6336,Westmoreland
5081,St. Ann
9408,Kingston
5438,Westmoreland
5680,Hanover
5919,Trelawny
7786,Manchester
7052,Kingston
6721,Portland
10482,St. Ann
9121,St.Andrew
4836,St. Ann
9975,Hanover
5053,St. James
10065,St. Elizabeth
8925,St. Catherine
5283,Manchester
6990,Portland
7413,Portland
6158,Clarendon
5447,St.Andrew
6944,St. Elizabeth
6032,St. Catherine
6069,Westmoreland
8127,Portland
9443,Kingston
6101,St. Catherine
5876,St Mary
7591,Clarendon
6534,Westmoreland
5424,St.Andrew
5632,Westmoreland
5052,Hanover
8414,St. Elizabeth
8727,Trelawny
8138,St.Andrew
9415,St. Ann
7848,St.Andrew
9668,Manchester
4882,Kingston
10411,St. James
5940,St. Elizabeth
5930,St Mary
5479,St. James
5510,Kingston
7189,St. Thomas
9334,St. Catherine
10113,Hanover
9500,St. Elizabeth
10398,Manchester
8968,Manchester
10064,Portland
9790,Kingston
8097,Portland
5935,St Mary
9667,St. Ann
6019,St. Ann
10336,Clarendon
4725,Kingston
5216,Manchester
10025,St. Ann
7323,Kingston
8020,St. Thomas
9362,St.Andrew
5261,Manchester
5035,Manchester
4880,St.Andrew
9442,St. Catherine
8136,Manchester
7950,Hanover
10204,Hanover
5255,Kingston
6235,St.Andrew
5659,Hanover
5331,St. Elizabeth
8707,Manchester
4615,St. Ann
8151,St Mary
8043,St. James
9872,St. James
5473,St. Ann
5851,St. Catherine
9762,Trelawny
6470,Portland
8352,St. Thomas
10140,St. James
4683,St Mary
9062,Portland
8166,St. Thomas
4963,St Mary
6091,Portland
4848,Hanover
6040,St. James
5387,Portland
6737,Trelawny
9787,Hanover
5567,Manchester
7980,Kingston
8341,St. Elizabeth
9634,St.Andrew
4749,St. Thomas
5385,Portland
10123,Kingston
7744,St. Ann
8220,Hanover
5609,Clarendon
9595,St. Elizabeth
5011,St. Thomas
6873,Manchester
8525,Westmoreland
7757,Portland
5221,Westmoreland
5510,St. Thomas
5513,Westmoreland
6069,St.Andrew
10470,St.Andrew
9995,Portland
7574,Trelawny
10468,St. Elizabeth
9843,St. Elizabeth
6315,St. James
7450,St. Elizabeth
5621,St. Thomas
9389,St. Ann
6834,St. James
9431,Hanover
6857,Manchester
5223,St. Thomas
8571,Portland
4635,St. Elizabeth
6039,St Mary
7530,Clarendon
8932,St.Andrew
5459,Trelawny
6035,St. Ann
4824,Westmoreland
8575,St. Elizabeth
8655,St. Thomas
6964,Hanover
5460,St. Thomas
4844,St. James
8579,St. Catherine
7901,Kingston
4968,St.Andrew
8225,Clarendon
8645,St Mary
9051,St.Andrew
7577,Kingston
4735,Westmoreland
5957,St. Elizabeth
5820,St. Thomas
10366,St. Thomas
7289,St Mary
5735,Westmoreland
5238,St. James
5985,Hanover
9557,St. Thomas
4926,Clarendon
4621,Hanover
7075,Hanover
8907,St. Elizabeth
5608,St. James
9892,Kingston
7942,Hanover
5675,St. James
6062,Portland
5431,Manchester
9663,St. Elizabeth
8678,Trelawny
9878,St. James
5185,St. Elizabeth
9697,St.Andrew
4938,St. James
5567,Hanover
9529,St.Andrew
5596,St Mary
8414,Kingston
6955,Portland
8747,St. Catherine
7481,Westmoreland
6997,Trelawny
7673,Kingston
8874,Kingston
5143,Clarendon
7699,St. Catherine
6599,St. Thomas
9632,St. James
6153,Manchester
6107,St Mary
6632,St. Elizabeth
8933,Westmoreland
8512,St. Elizabeth
9125,St Mary
6664,St. Catherine
5235,St. Thomas
7873,St. Thomas
5934,Manchester
5831,St Mary
5562,Hanover
6412,Hanover
10335,St. Elizabeth
9109,St. Catherine
9954,St.Andrew
9727,St.Andrew
5876,St Mary
9553,St. Catherine
6138,St. Catherine
6674,Clarendon
9254,Manchester
9852,Trelawny
7794,Clarendon
4657,St Mary
8212,Trelawny
5798,Manchester
5715,Clarendon
7959,St. Catherine
8721,St. Elizabeth
8259,Hanover
7518,St. Catherine
8066,St Mary
5719,St. Ann
8429,Manchester
4847,St.Andrew
9241,St. Thomas
10436,Westmoreland
8367,St. Catherine
7251,St. Thomas
7553,St. Elizabeth
4985,St. Ann
9417,Portland
7262,St. Ann
5598,Manchester
4832,Westmoreland
6444,St. Catherine
5761,St.Andrew
9590,Hanover
7191,St. Catherine
9201,St. James
8633,St. James
7551,Westmoreland
10360,Trelawny
6576,St. Elizabeth
4932,St. Elizabeth
7045,Manchester
9012,Manchester
9107,Portland
9240,St. Elizabeth
7092,St. Elizabeth
6152,St Mary
7757,St. Ann
6848,Westmoreland
7263,Manchester
5312,St. Elizabeth
5736,St. Elizabeth
9496,St. James
10468,Westmoreland
10579,Kingston
5145,St. Thomas
7589,St. Catherine
5255,Clarendon
9249,Trelawny
5212,St. Catherine
7512,Portland
5592,Manchester
8573,Hanover
4709,St. Elizabeth
5236,Kingston
9355,Westmoreland
8363,Westmoreland
5611,St. Ann
8948,St. Catherine
6245,St Mary
10180,Manchester
10384,St. James
4626,St Mary
8830,Westmoreland
5742,St. Ann
8064,Kingston
9089,St.Andrew
8433,Manchester
6799,Portland
4616,Manchester
8621,Portland
7497,St. Catherine
7002,St. James
6652,St. Catherine
6557,St.Andrew
4885,Portland
6784,St Mary
5404,St. Elizabeth
7395,St.Andrew
8504,St. Thomas
9905,Manchester
5205,St. James
10438,Westmoreland
9787,Trelawny
10107,Hanover
6245,St Mary
8028,St. Thomas
6295,St. Catherine
10321,Westmoreland
8672,St. Ann
9014,St. Elizabeth
6580,Manchester
9797,Manchester
5398,Kingston
7504,St. Elizabeth
7059,St. Catherine
7664,St. Elizabeth
8168,St. Ann
8657,Clarendon
6502,Trelawny
6895,Trelawny
9541,Kingston
7874,Trelawny
6747,Manchester
9035,St Mary
10231,Hanover
7714,Manchester
7562,St. Ann
6253,St Mary
9302,Trelawny
5754,Manchester
5335,St.Andrew
8402,St. Catherine
9056,Hanover
9455,Hanover
6577,St. Catherine
8955,St. Elizabeth
10004,St. James
9785,St. Catherine
9069,St. Catherine
6538,Manchester
5985,Hanover
6417,St Mary
8200,St. James
7731,Trelawny
7180,St. James
7870,Kingston
6516,St Mary
5814,St. Ann
8967,Kingston
8187,St Mary
8635,St. Thomas
9713,Trelawny
9715,St. James
5363,Manchester
8647,St. Elizabeth
9010,Westmoreland
4678,St. Elizabeth
6470,St.Andrew
4923,St. Ann
10556,Westmoreland
4943,St. Catherine
9752,St Mary
10114,St. James
10215,Manchester
5942,St. Catherine
8840,Clarendon
7876,Manchester
7851,Hanover
5966,Portland
5066,Kingston
4923,St. James
8774,St. Ann
8346,St. Elizabeth
8169,Clarendon
6461,Kingston
6969,St. Catherine
6088,Hanover
7804,Clarendon
7681,St Mary
6243,St.Andrew
6151,Clarendon
8014,Hanover
7101,Westmoreland
5743,Westmoreland
7237,Clarendon
4728,St. Thomas
9314,St. Ann
7272,Hanover
8205,St Mary
5415,Clarendon
8577,Kingston
4878,Kingston
8100,Clarendon
4994,St Mary
7245,St. Elizabeth
7107,St. Catherine
8656,Clarendon
7469,Clarendon
8071,Westmoreland
8569,Clarendon
5210,Westmoreland
9769,St. James
9457,Hanover
8201,St. Ann
7418,Westmoreland
4772,St. Elizabeth
8915,St Mary
6842,Kingston
6661,St. James
10294,St. Catherine
4818,St.Andrew
6058,St. Catherine
9215,Clarendon
8579,St Mary
7168,St. Ann
7323,Westmoreland
6615,St. Catherine
5688,St Mary
6463,Portland
7283,Westmoreland
7027,Kingston
5080,St. Ann
7512,St. Thomas
10047,St. Elizabeth
9081,Portland
10303,Clarendon
8547,St. Catherine
6704,St. Thomas
8226,St. James
6226,St. Elizabeth
5655,St. Catherine
7425,Hanover
5541,Clarendon
10276,St Mary
9756,Westmoreland
6773,Hanover
8997,St. James
9586,St. Elizabeth
5963,Clarendon
7524,Westmoreland
4975,St. Thomas
6932,St. Catherine
5536,Clarendon
6336,St Mary
6354,St. Thomas
4832,St. James
4935,Manchester
8463,St. James
7683,Trelawny
8419,Westmoreland
9247,Portland
9280,St. Ann
6313,Portland
9851,Hanover
9466,St Mary
6665,Hanover
9455,Portland
4609,Clarendon
7212,Hanover
8957,St. Elizabeth
8971,Hanover
7779,St. James
5307,St. Thomas
9754,St. Catherine
5420,Trelawny
9086,St. Ann
6175,Portland
6128,St Mary
5193,St.Andrew
8812,St. Thomas
7654,Clarendon
5746,Portland
7383,St. Thomas
5868,Manchester
9006,Westmoreland
5393,St. James
7381,Kingston
9727,Kingston
9209,St Mary
9020,Westmoreland
7779,St. James
4865,St. Elizabeth
10518,St. Elizabeth
8525,St. Elizabeth
6976,Clarendon
7271,St.Andrew
7863,St. Thomas
5487,Clarendon
8832,St.Andrew
5361,St Mary
7310,Portland
6174,St. Ann
9202,St. Ann
8953,Portland
5949,St. Thomas
6141,Clarendon
7121,St Mary
5829,St. Thomas
8938,Clarendon
5495,St. Thomas
4652,Trelawny
10068,St. Elizabeth
8162,St. Elizabeth
7253,St. Catherine
8233,St Mary
9051,Trelawny
8870,Hanover
7074,Clarendon
5618,Westmoreland
6872,Hanover
4785,Portland
7936,Westmoreland
10020,St. James
10427,Westmoreland
6201,St. James
6038,Kingston
10339,St. Elizabeth
4858,St. Ann
9473,Kingston
7555,Clarendon
9670,St Mary
7342,Kingston
5711,St. James
5634,St.Andrew
6451,St.Andrew
7634,Manchester
8457,St. Catherine
9836,Portland
10022,St. Elizabeth
4966,Portland
7407,St. James
9203,St.Andrew
5811,St. Elizabeth
10069,St Mary
6574,Clarendon
9952,Hanover
8196,Kingston
8407,St. Ann
5311,Portland
7765,Westmoreland
8253,Trelawny
7985,Portland
10325,Manchester
7731,Trelawny
9795,Portland
5351,St.Andrew
4783,Manchester
10236,Kingston
10299,Portland
5714,St. Elizabeth
10221,St. Ann
6488,St. Elizabeth
10055,St Mary
6191,St. James
7644,Kingston
8739,Hanover
5147,Hanover
5352,St.Andrew
10339,Trelawny
8768,Clarendon
4783,Manchester
6060,St. Catherine
7736,St. James
5309,St. Thomas
7836,St. Catherine
5574,Trelawny
6604,St. Elizabeth
8478,St.Andrew
4750,St. Catherine
10131,Manchester
7091,St. Catherine
9696,Manchester
8046,St.Andrew
7391,Clarendon
10445,St. Elizabeth
6410,Clarendon
6888,St Mary
9463,St. Ann
8700,St. Elizabeth
8882,St. Catherine
4737,Portland
9182,St.Andrew
5854,Clarendon
10078,St. Elizabeth
6674,St Mary
8601,Portland
5053,St. Elizabeth
6731,St. Elizabeth
6689,Portland
6449,St. James
10413,St. Elizabeth
10088,St. Ann
10080,Westmoreland
8074,St. Catherine
7711,St. James
8922,Manchester
4796,Hanover
7245,St. James
5554,St. Elizabeth
5637,St. Elizabeth
5477,Hanover
4705,St. Catherine
4845,St Mary
5329,St Mary
7325,St. James
8239,St. James
8036,Hanover
7180,St. James
6275,St Mary
5962,Portland
7150,Portland
7917,Kingston
5047,St.Andrew
4656,St.Andrew
8810,Westmoreland
7879,Hanover
6166,St. Catherine
9907,St. James
9276,Manchester
4658,Clarendon
7294,St. Catherine
4780,St. Catherine
7818,Kingston
10315,St. Ann
5695,St. Elizabeth
8244,St. James
7908,Manchester
9261,Westmoreland
5353,St. Elizabeth
8242,Hanover
7687,Kingston
9663,St. James
10256,St. Catherine
5747,Trelawny
4930,St.Andrew
5458,Trelawny
10565,St.Andrew
8151,St. James
9182,St Mary
9280,Manchester
9607,St. Catherine
8965,St. Catherine
5597,St. James
8018,Hanover
4985,St. Elizabeth
6816,Manchester
4963,Manchester
4818,St. Catherine
9460,Manchester
5494,Manchester
6181,St. James
9041,Westmoreland
9171,Manchester
9186,St. James
8211,Clarendon
5450,St. Catherine
5333,Portland
7639,Portland
5786,Hanover
7336,Westmoreland
8015,Trelawny
9548,St. Elizabeth
8585,Portland
7646,Manchester
8074,St. Thomas
4711,St. Ann
8009,St. James
10273,St.Andrew
8707,St.Andrew
5565,Trelawny
5155,Hanover
9203,St. Thomas
7684,St. Thomas
6684,Trelawny
5084,Westmoreland
4663,St. Thomas
8678,St Mary
7244,St. Catherine
5320,St. Catherine
9210,St. James
8563,St. James
10338,Westmoreland
6712,St. James
7563,St. Thomas
9442,Hanover
7356,Westmoreland
7101,Hanover
6534,St Mary
10138,Clarendon
9178,St. Catherine
8903,Kingston
6895,Portland
9645,Manchester
6096,Manchester
10184,St. Catherine
4727,Trelawny
6714,Kingston
9638,St. Elizabeth
6351,St. Ann
10094,St Mary
8338,St. Ann
8163,St.Andrew
9019,St.Andrew
8727,Kingston
8829,Portland
7974,St. Elizabeth
6576,St. Catherine
8977,St. James
9213,St. Ann
8792,St Mary
8879,St. Elizabeth
5343,Kingston
6620,St.Andrew
8331,St Mary
10417,Hanover
10463,St. Ann
9511,St. James
7956,St. James
4597,Portland
4730,Westmoreland
9460,Kingston
6087,St Mary
9319,St. James
6105,Manchester
10057,St. Catherine
8170,St. Thomas
7316,St. James
4623,St. Catherine
5343,Manchester
9701,St.Andrew
8075,St Mary
4937,St. James
5891,St.Andrew
8972,St.Andrew
7343,St. Ann
5275,Hanover
9377,St. Elizabeth
9351,Trelawny
10119,St. Thomas
5337,Portland
7365,St. Catherine
9035,St. Ann
9409,St. James
5278,St. Thomas
9666,St Mary
10176,Hanover
8101,Manchester
8316,Hanover
7032,St. James
5769,Westmoreland
9648,Trelawny
6783,St. James
6015,St. Ann
9132,Kingston
5683,Westmoreland
7582,Manchester
7148,Clarendon
8752,St. Thomas
10192,Manchester
9281,St. James
9169,St. Thomas
8968,St. Thomas
6647,Westmoreland
5876,St Mary
8773,Kingston
9968,Kingston
5841,St.Andrew
5740,St Mary
5305,Trelawny
7939,Trelawny
5296,St.Andrew
6005,St Mary
7568,St. Ann
8675,St Mary
6694,St. James
6135,Manchester
6783,Hanover
8050,Westmoreland
8194,Clarendon
5259,Manchester
10547,St. Ann
6212,Trelawny
7612,Portland
6250,St. Ann
8513,Hanover
9884,Clarendon
7912,St.Andrew
10318,St. Elizabeth
6575,Portland
4908,Manchester
6530,Manchester
6925,Kingston
9479,St. Ann
6243,Portland
8890,Hanover
7762,Hanover
4641,Hanover
6271,St. James
6566,Hanover
7579,St. Thomas
6342,Kingston
7332,St Mary
8575,St. Ann
8703,St. Thomas
9707,Manchester
5462,Portland
8064,Manchester
5202,Portland
5566,St.Andrew
6990,Kingston
8101,Manchester
7480,St. Ann
8361,St. James
6034,St.Andrew
6063,St. Elizabeth
7196,St. Elizabeth
8882,Clarendon
10489,St. Thomas
5646,Kingston
8247,St. Elizabeth
5095,Trelawny
8443,St.Andrew
6239,St.Andrew
6477,Hanover
9697,St. Catherine
9124,Hanover
6403,Kingston
8844,St. James
8023,St. James
8795,Westmoreland
5935,Trelawny
10221,Clarendon
9283,Hanover
6556,St. James
8536,St. Elizabeth
8731,Kingston
5006,Kingston
8591,Manchester
6276,St Mary
6337,St Mary
8398,Kingston
8316,Trelawny
7650,St Mary
6723,St Mary
7211,St. Elizabeth
10488,St. Thomas
7735,St Mary
7475,St. Catherine
6787,Manchester
7214,St Mary
6885,St. Catherine
6967,St. Elizabeth
7703,Clarendon
6100,Trelawny
9228,St. Catherine
6001,Portland
9493,St.Andrew
9355,St. Elizabeth
10030,Manchester
9614,Westmoreland
10057,Hanover
5746,Trelawny
9814,Kingston
9286,Kingston
8025,Clarendon
5380,St. Thomas
8597,Trelawny
8696,St. James
5920,St. Ann
6067,St.Andrew
4593,Trelawny
7694,St. Thomas
6403,St. James
6816,St. Catherine
4934,Portland
6018,St. Catherine
10266,St. Thomas
7279,Trelawny
7709,St. Thomas
10494,St. Elizabeth
7897,Clarendon
5414,Westmoreland
8187,St Mary
8683,Trelawny
8951,St. Thomas
6675,Portland
9934,St. James
8662,Clarendon
6346,St. Elizabeth
7797,St. Thomas
9529,Kingston
9445,St. James
4734,St. James
8530,Portland
4737,St Mary
5146,St Mary
7916,Hanover
10444,St.Andrew
10233,Hanover
8889,St. James
4726,St.Andrew
8848,St. Thomas
6528,Portland
5592,Hanover
9051,St. Elizabeth
5679,St. Thomas
4663,St. Catherine
6654,St. Elizabeth
10129,St Mary
9558,Kingston
8295,St. Thomas
6268,St. Ann
8826,St. Catherine
5096,St. Catherine
9412,St. Thomas
9023,St. Ann
6380,Westmoreland
4711,Manchester
7293,St. Ann
8717,St. Ann
7345,Westmoreland
9950,Kingston
9092,Clarendon
5289,Clarendon
7704,St Mary
5268,St.Andrew
4653,Manchester
6172,Trelawny
8284,St. Thomas
9216,Manchester
8915,Manchester
9930,Trelawny
5241,Westmoreland
7072,St Mary
5493,St. James
7078,Westmoreland
8036,St. Elizabeth
5325,St. James
5586,St. James
10349,St.Andrew
10332,Westmoreland
7072,Kingston
10481,Kingston
7554,Manchester
5411,St. James
8715,Westmoreland
10260,Westmoreland
10026,St. Catherine
8034,St. Catherine
10078,St. Ann
4812,St. Catherine
5597,Kingston
9144,St. Elizabeth
7012,Westmoreland
8726,St. Ann
5776,Clarendon
10477,St. James
9472,Portland
10023,Kingston
6864,Clarendon
5805,Manchester
7845,Clarendon
7346,St Mary
7655,St.Andrew
5187,Trelawny
7384,St Mary
5966,St.Andrew
7065,Westmoreland
7809,St.Andrew
5649,St.Andrew
6460,Hanover
8071,Hanover
10063,Westmoreland
9329,St. Ann
4747,Portland
10141,Hanover
7531,Clarendon
9212,Kingston
7461,St. Ann
7413,St. Ann
10025,St. Thomas
4668,Westmoreland
6017,St. Ann
5300,St.Andrew
4825,Manchester
8444,Manchester
5528,Clarendon
5494,St.Andrew
5814,Portland
7842,Manchester
9780,St. Elizabeth
5018,St.Andrew
6504,St Mary
4621,St. James
4730,St. Elizabeth
10285,St. Ann
8879,St. Catherine
6512,St Mary
10045,St. Elizabeth
4596,St. Elizabeth
6654,St. James
9842,Hanover
7083,St. James
6281,St.Andrew
4684,St Mary
7274,St Mary
9606,Trelawny
10004,Portland
8136,Westmoreland
6829,Kingston
7562,St Mary
10128,Westmoreland
6192,St. Catherine
10452,St. Elizabeth
4864,St. James
9479,St. Catherine
10153,Hanover
6891,Clarendon
7571,St. Thomas
9358,St. Catherine
10470,St. Catherine
6154,Clarendon
10426,St. James
8215,St. James
6059,St. Ann
6278,Kingston
9824,St. James
7972,St.Andrew
5472,Kingston
7554,St. Elizabeth
9871,St. Catherine
8822,Westmoreland
6381,Manchester
7543,Trelawny
7671,St Mary
6496,Portland
6120,St. James
8387,Trelawny
10529,Trelawny
5011,Hanover
6746,Trelawny
7096,Trelawny
5668,St.Andrew
9021,St.Andrew
6285,St. James
9573,St Mary
4854,St Mary
9136,Trelawny
8696,Trelawny
8623,St. James
8865,Kingston
6391,Portland
8235,Trelawny
10283,Westmoreland
6423,Clarendon
7752,St. Catherine
9584,St. James
8002,Hanover
10178,St. James
5447,St. Ann
9943,Trelawny
9985,St. James
9913,St. Ann
10465,St.Andrew
7408,St. Ann
8636,Trelawny
5899,Clarendon
8674,St. Catherine
10508,Hanover
8381,Trelawny
7290,St.Andrew
7954,Westmoreland
9146,Portland
7593,St. Elizabeth
4887,Hanover
7811,St.Andrew
5870,Trelawny
6446,Portland
5528,Hanover
6429,Westmoreland
6819,St.Andrew
5614,St Mary
4694,St.Andrew
5179,St. Elizabeth
10418,St.Andrew
9049,Kingston
5272,Westmoreland
8025,Manchester
9427,Hanover
5915,St. Ann
9752,St. Ann
6005,St Mary
6846,Manchester
5253,Kingston
4616,Trelawny
7285,St. Elizabeth
6280,St Mary
8359,St. Ann
9410,St. Elizabeth
5503,St. Ann
8135,St. Thomas
6507,Trelawny
4957,Manchester
6135,Manchester
6291,Clarendon
8974,St. Catherine
6073,Hanover
5453,St. Elizabeth
9255,St. Ann
5534,St Mary
10365,St. Ann
9189,St. Elizabeth
8255,Westmoreland
7087,Portland
7476,Kingston
7740,St. Ann
9829,Hanover
7821,Clarendon
8588,Westmoreland
5210,St. Elizabeth
9176,St.Andrew
6898,St. James
5358,Westmoreland
6501,Manchester
4880,St Mary
9939,St. Catherine
8316,St Mary
8349,Kingston
5282,St. Thomas
9732,Clarendon
6868,Portland
10428,Hanover
8352,St.Andrew
7944,Portland
9335,St. Catherine
7245,Kingston
6974,St. James
8903,St. Thomas
7392,St Mary
9742,St. Thomas
7594,St. James
7845,St. Catherine
7278,Trelawny
7734,Trelawny
7107,St. Ann
9202,St. Ann
10307,Hanover
4591,Clarendon
5459,Hanover
8753,Kingston
7937,St. Catherine
9649,St. Ann
6346,St. Elizabeth
8385,Clarendon
8347,St. James
6950,St. Thomas
4804,St. Thomas
10379,Kingston
7742,St. Catherine
8714,Kingston
8199,St. Ann
9903,Portland
8541,Hanover
8797,St. Ann
10002,St. Elizabeth
6061,St. Ann
8900,Kingston
8360,St. James
7627,Portland
9133,Hanover
8911,St Mary
9272,St. James
5403,Westmoreland
7894,Hanover
7705,St. James
4725,St Mary
9124,St. James
6820,St. Elizabeth
7622,Manchester
7006,Westmoreland
5922,St. James
10392,St. James
9549,Trelawny
4785,Westmoreland
9571,Hanover
9345,Trelawny
9401,Hanover
7103,St.Andrew
10083,Hanover
5827,St. Catherine
6308,Hanover
10537,St Mary
8475,Portland
9317,Hanover
7650,St. James
8670,Trelawny
6389,St. James
5021,St Mary
9790,St.Andrew
6375,Trelawny
8336,Westmoreland
4799,Manchester
7425,Hanover
6130,Manchester
4812,St. James
7474,St. Elizabeth
7739,Hanover
5886,Westmoreland
5052,Trelawny
7541,St.Andrew
6626,St. Ann
6849,St. Thomas
5633,Kingston
4796,Clarendon
10195,Portland
9016,Westmoreland
7378,St.Andrew
7526,St Mary
5427,St.Andrew
7693,St. James
6767,Hanover
7164,St. Catherine
5504,St. James
7470,St. Catherine
9128,St.Andrew
5801,Hanover
7556,St. Thomas
5859,St Mary
4622,St. Elizabeth
5507,St. James
5893,Manchester
7015,Portland
4992,Westmoreland
6141,St.Andrew
8574,Westmoreland
10238,Kingston
8185,Westmoreland
10375,Westmoreland
5120,Clarendon
4824,St. Ann
8100,Trelawny
7364,St. Catherine
8661,Kingston
10123,St. James
6476,Trelawny
8750,St.Andrew
9275,Trelawny
8949,St. Catherine
6089,St Mary
5642,Hanover
9290,St. Ann
6257,Hanover
6068,Kingston
8751,Portland
8603,St. Catherine
9724,Portland
7132,Hanover
5275,St.Andrew
5291,Westmoreland
8046,Manchester
6341,St.Andrew
7597,St. Catherine
7027,Hanover
4791,Clarendon
7365,Hanover
5217,St. Elizabeth
8142,Hanover
9736,St. Thomas
6311,Hanover
6168,St.Andrew
7745,St. James
7970,Manchester
7891,Westmoreland
4639,St. Thomas
5933,Trelawny
10010,St Mary
10541,St. Thomas
5100,Hanover
5732,Kingston
9996,Hanover
5698,Hanover
5387,St.Andrew
9680,St. James
8483,Portland
4631,Hanover
10397,Portland
8907,Portland
7317,St. Elizabeth
9958,St. Thomas
9236,Hanover
5177,Kingston
8796,St.Andrew
9877,St. Catherine
6613,Clarendon
10121,Clarendon
9821,Hanover
4872,Manchester
9374,St. Elizabeth
8657,St. Elizabeth
5640,St. James
7007,St. Catherine
9183,St. James
8429,St.Andrew
10315,Trelawny
9685,St. Thomas
10269,Clarendon
4727,Trelawny
7939,Manchester
6363,Trelawny
10035,St. Catherine
5845,St. Catherine
6302,St.Andrew
9810,St. James
4815,St. Ann
9637,Trelawny
4804,St Mary
6570,St. James
10430,Hanover
7301,St.Andrew
4797,Clarendon
6221,St. Thomas
7706,Kingston
8005,St. James
4718,St. James
8027,Kingston
9859,St. Ann
6697,Kingston
8981,St. Elizabeth
8704,St. Thomas
9738,Portland
7361,Clarendon
9242,Manchester
7930,St. Elizabeth
9823,St. Thomas
10130,Westmoreland
8810,St. Thomas
4786,St. Elizabeth
9652,Clarendon
10102,St. Ann
10487,Kingston
9969,Manchester
9351,Kingston
8960,St. Ann
9199,Manchester
8113,St. Elizabeth
8157,Westmoreland
5947,St. Thomas
9609,St.Andrew
8597,St. Catherine
8701,Manchester
7021,Kingston
6030,St. Elizabeth
5011,St. Catherine
4615,Trelawny
5975,Westmoreland
7391,Manchester
4693,Hanover
6947,Kingston
10063,St. Thomas
7561,Portland
7462,Portland
5930,St Mary
6207,Clarendon
6304,St. Catherine
7006,St. Thomas
8555,St. Thomas
5256,Westmoreland
5973,St.Andrew
4876,Hanover
7692,Westmoreland
5309,St.Andrew
8906,Kingston
9739,Clarendon
7247,Hanover
5284,Hanover
5722,St. Thomas
10149,Westmoreland
7937,St. Elizabeth
7909,St. Elizabeth
6939,St Mary
7817,St. Ann
7403,St. Elizabeth
6672,Hanover
6078,Clarendon
5891,St. Elizabeth
8861,St Mary
8612,Hanover
9720,St Mary
7195,St. Elizabeth
6158,Manchester
9846,St. James
6373,Manchester
8077,St Mary
8176,Hanover
8376,St. James
9908,Kingston
6889,Trelawny
10063,Clarendon
7249,St. Ann
9022,Portland
8984,Hanover
6798,Portland
8257,St. Elizabeth
10539,St. Catherine
4809,St. Ann
4892,Clarendon
8059,St. Elizabeth
10010,St. Catherine
8927,St.Andrew
5345,Hanover
6804,St.Andrew
8728,Westmoreland
8106,St Mary
5098,Trelawny
6105,Westmoreland
9165,St. Thomas
7575,Manchester
9050,St. James
7092,St. Thomas
9135,St Mary
8417,Manchester
7429,Westmoreland
7285,Trelawny
5391,Portland
4592,St. Elizabeth
4976,Hanover
8616,St Mary
10078,St. Ann
10334,St. Catherine
8405,St. James
8295,Portland
7605,Hanover
8188,St. Elizabeth
10254,St Mary
6774,St Mary
9883,Portland
7528,Portland
9435,St. Catherine
10541,Trelawny
7834,St. Thomas
9613,St. Ann
9328,Hanover
10227,St. Catherine
7327,Trelawny
7439,Hanover
8401,St.Andrew
7368,St Mary
8613,St. Ann
7032,St. James
9549,St. Thomas
10512,St.Andrew
8702,St. Ann
4953,St. James
7788,Hanover
7447,St. James
10230,St. James
8541,Portland
7739,St. Thomas
6262,Trelawny
6516,St. James
8370,St. Elizabeth
9216,St Mary
9276,St. James
5757,Kingston
8454,St. Ann
6916,St. Elizabeth
7943,Trelawny
6927,St. Elizabeth
6281,Portland
6825,St. James
8475,St Mary
9168,St. Catherine
5823,St.Andrew
9073,Hanover
6027,Manchester
5224,St. Catherine
10006,Kingston
9582,St. Thomas
8550,Portland
8618,St.Andrew
4751,St. James
7618,Kingston
5580,Trelawny
9128,Westmoreland
10412,St.Andrew
7197,Westmoreland
9822,Manchester
7150,Westmoreland
6854,Manchester
5435,Trelawny
10536,St. Ann
4848,Manchester
5185,Hanover
9913,Manchester
4688,St. James
9453,St. Elizabeth
5539,Westmoreland
7300,St.Andrew
10430,Trelawny
9722,St.Andrew
7331,St. Catherine
4619,Hanover
5816,Trelawny
9043,St. Elizabeth
7015,St. Catherine
6548,St.Andrew
8581,St Mary
4597,St. Ann
9261,Portland
5448,St.Andrew
4830,St Mary
4942,Trelawny
6814,Manchester
6871,St. Catherine
8045,Westmoreland
5249,Manchester
9694,Clarendon
9743,St. James
5073,Clarendon
7058,St. James
8687,St. Elizabeth
8863,Portland
4805,Manchester
8855,Clarendon
10323,Portland
5882,St. Elizabeth
7200,St. Thomas
5959,St. Elizabeth
7760,St. James
7114,St.Andrew
8130,St. Ann
6295,Portland
5038,St.Andrew
8255,Hanover
6332,St. James
9455,Hanover
7198,St Mary
9080,St. James
7065,Hanover
6634,St. Elizabeth
5484,St.Andrew
5676,St Mary
7375,Trelawny
5155,Hanover
5583,St Mary
10534,Westmoreland
6007,St Mary
7085,St. Ann
7503,St. Elizabeth
8609,Manchester
6049,Clarendon
6743,St. Catherine
8798,Trelawny
8795,Trelawny
7805,Portland
6269,St. James
8419,St. James
7739,St. Ann
4608,St. Elizabeth
7848,St. Thomas
5276,Manchester
5615,St Mary
6446,Westmoreland
5582,Manchester
8975,St.Andrew
7917,Clarendon
6135,Kingston
8851,St. Elizabeth
7004,Kingston
4609,St. Catherine
10360,St. Thomas
7219,Portland
10005,Manchester
4944,Clarendon
7986,St. James
5917,Trelawny
4845,St.Andrew
5323,St. James
7808,Westmoreland
10464,St.Andrew
6314,St. Elizabeth
8846,St. Thomas
5815,St. Thomas
10110,St. Thomas
8691,Kingston
7678,Hanover
5453,Trelawny
4795,St.Andrew
5541,St. James
10128,St Mary
10521,Clarendon
8729,St. Thomas
5236,St.Andrew
8610,St. Ann
7662,St. Catherine
5564,St. Catherine
9674,Hanover
9033,Portland
9591,Manchester
7092,Clarendon
6952,Manchester
9446,Westmoreland
9104,Kingston
9956,Kingston
5575,St. Ann
8264,Trelawny
6848,Manchester
6915,Manchester
10115,Hanover
4738,St. Elizabeth
10576,Westmoreland
7129,Clarendon
6491,St.Andrew
8053,St. Elizabeth
6601,Portland
6621,Manchester
6489,St. Catherine
6567,Manchester
6562,Westmoreland
5465,Westmoreland
6071,Manchester
4934,St Mary
7246,St. Ann
8938,Kingston
10290,St. Catherine
4901,St. Catherine
5481,Manchester
5528,Trelawny
10154,Westmoreland
9602,Manchester
9491,Trelawny
6074,Hanover
6923,St.Andrew
9177,St. Thomas
5424,St. Elizabeth
5696,St. Thomas
7596,Portland
6960,St. Ann
9522,St. Thomas
5989,St. Thomas
8094,St. Elizabeth
8876,St. Catherine
9148,Westmoreland
10292,St. Thomas
4648,St. Ann
7568,St. James
7470,St. Catherine
6489,Trelawny
6921,Westmoreland
8206,St Mary
9719,Kingston
6410,Hanover
5284,Manchester
6575,St.Andrew
9843,Trelawny
10316,Clarendon
10309,St. Elizabeth
4790,St. Thomas
7786,Clarendon
8864,St. James
8607,St. Thomas
9017,Hanover
8794,Westmoreland
5654,St. Ann
7765,St. James
9750,St. Elizabeth
10279,Trelawny
5833,Trelawny
10170,St. Elizabeth
10487,St.Andrew
6361,St Mary
6570,St Mary
4646,St. Elizabeth
9814,Trelawny
6618,St. Thomas
5823,Trelawny
8083,Kingston
8271,Westmoreland
9041,Trelawny
5340,St. Thomas
5058,Kingston
5197,Kingston
7910,St. Elizabeth
9436,St. Ann
9529,Hanover
9205,Manchester
5921,Trelawny
4671,St. James
7185,Trelawny
5719,St.Andrew
6811,St. Catherine
9685,Manchester
7896,Kingston
10367,Kingston
6760,Kingston
6423,Portland
7539,Hanover
5427,St. Thomas
5776,Manchester
5385,Portland
10382,Westmoreland
7455,St. Catherine
6477,Westmoreland
5663,Clarendon
9218,St. James
9422,Portland
10358,St. Elizabeth
10119,Manchester
6819,Trelawny
10164,St. Ann
7459,St. Thomas
7472,Westmoreland
4761,St. Elizabeth
8736,St. Elizabeth
4758,Westmoreland
7147,St.Andrew
6631,Manchester
7327,Trelawny
5723,Manchester
8681,Westmoreland
5788,St. Elizabeth
6182,St. Ann
5325,St. Thomas
6683,Kingston
8727,Trelawny
6132,Westmoreland
10572,St. James
7646,St. Ann
8272,Manchester
8186,Clarendon
8382,Trelawny
10082,Manchester
9802,St Mary
8828,Hanover
10575,Clarendon
10425,St. Elizabeth
4598,Portland
4592,Hanover
9737,Portland
10317,Westmoreland
5401,Hanover
8657,St. Ann
7851,St. Elizabeth
5067,Portland
5452,St.Andrew
8978,Manchester
6972,St.Andrew
6056,St. James
7915,St. Elizabeth
8238,Clarendon
9864,St.Andrew
9664,Manchester
9577,Westmoreland
8885,Manchester
6101,Portland
6261,St.Andrew
7392,Manchester
9952,St.Andrew
6539,Hanover
4811,St Mary
9742,Clarendon
7731,Manchester
10375,Manchester
4595,St. Elizabeth
10537,St Mary
5986,St Mary
6956,Portland
8142,Manchester
5189,Manchester
5302,Portland
5238,Portland
10070,Kingston
10571,Portland
6250,St. James
6315,Hanover
6399,Hanover
6412,St. Catherine
8263,Clarendon
10500,St. Ann
9373,St Mary
6656,St. Catherine
6814,St. Elizabeth
7555,St. Thomas
7667,St. Catherine
6616,Clarendon
10419,St. Catherine
6667,Westmoreland
5428,St Mary
4987,Hanover
5902,St. Thomas
8518,St. Ann
6704,Hanover
6478,St. Elizabeth
9010,St. Ann
6902,Portland
9846,Westmoreland
5756,St Mary
10270,St.Andrew
8515,Westmoreland
5972,St.Andrew
9471,Portland
6213,St.Andrew
5054,Trelawny
5958,St. Thomas
5205,Hanover
6483,St. Catherine
9090,St. Elizabeth
5439,Trelawny
5445,Trelawny
8250,St. Catherine
6804,St. James
6485,Hanover
7381,Westmoreland
6936,St. Catherine
4711,St. Catherine
6927,St.Andrew
5961,St. Catherine
8544,Portland
6101,St.Andrew
6971,Clarendon
10565,St Mary
7828,St. Ann
10106,St. Thomas
8894,St. Thomas
10387,Hanover
7886,St. Catherine
10108,St. James
8899,Hanover
7251,St. James
5493,St. Ann
5918,St Mary
10501,St Mary
8304,Manchester
8163,Portland
7109,Clarendon
9153,Clarendon
10107,St. James
10011,Manchester
8075,Westmoreland
6134,St. James
6579,St. James
8992,St. Thomas
7147,St. Elizabeth
6296,St. Catherine
9136,St. Ann
4940,St. Ann
8760,Clarendon
9249,St. James
4826,Portland
5989,Westmoreland
10520,Trelawny
6197,Portland
6300,St Mary
10180,Portland
5528,St.Andrew
9905,St.Andrew
8417,St Mary
5293,Kingston
4632,St. Elizabeth
7476,St. Thomas
9960,Kingston
10260,Trelawny
9062,Trelawny
6374,St. James
5079,St.Andrew
8119,Kingston
9110,Manchester
8611,St. James
6693,Kingston
5003,Hanover
8560,St. Thomas
10061,St. Catherine
7863,Trelawny
6914,Westmoreland
5141,Trelawny
4888,St. Elizabeth
7851,Kingston
6864,Portland
7429,St. Thomas
6609,St.Andrew
7122,Portland
8482,St. Catherine
5440,Manchester
7185,St. Elizabeth
5974,Hanover
10493,Hanover
8970,St Mary
5448,Westmoreland
7658,St. Ann
8172,St Mary
9551,Portland
10199,Manchester
5837,Trelawny
8393,St Mary
7063,Manchester
9040,Manchester
7517,St. Elizabeth
9763,Trelawny
5636,St. Ann
6064,Trelawny
9099,St Mary
6285,St.Andrew
8926,St Mary
8429,St. James
8096,Clarendon
9467,Portland
6614,Hanover
9496,St.Andrew
7360,St. Ann
9132,St. Thomas
9195,St. Thomas
5752,St Mary
7608,St Mary
9163,St. James
7893,St. Elizabeth
6569,Manchester
7921,St Mary
9467,Clarendon
5019,St.Andrew
9666,St. Catherine
9276,St.Andrew
9144,Trelawny
7690,St.Andrew
9586,St. Thomas
7141,St Mary
5851,Trelawny
8778,St.Andrew
6312,Kingston
4898,Trelawny
5635,St. Catherine
9977,Clarendon
6775,Trelawny
10370,Clarendon
9351,St. James
9936,St. Catherine
7442,St.Andrew
8995,St. Thomas
6573,Manchester
7054,St. Ann
10088,St. James
8015,St Mary
5634,Trelawny
4623,St. James
5945,St. Thomas
6786,St Mary
7540,St. Elizabeth
5386,St. Ann
7299,Portland
4983,Kingston
10464,St. Thomas
7882,Clarendon
6258,St. Ann
8738,Clarendon
8805,Hanover
5723,Trelawny
7831,Kingston
6457,Kingston
8323,Portland
10085,Hanover
10266,Westmoreland
9097,Westmoreland
6518,Hanover
9094,Westmoreland
7064,St Mary
4616,St.Andrew
4800,St. Thomas
9294,Clarendon
6158,Manchester
5729,St. James
6364,St. Catherine
7173,Clarendon
7232,Portland
5726,St. Elizabeth
6989,St. James
5240,Kingston
5933,St. Elizabeth
8560,St. Elizabeth
7300,St. Elizabeth
6802,St.Andrew
10576,St. Thomas
6617,Manchester
9658,St. Catherine
6151,Westmoreland
4839,Kingston
5635,Trelawny
4777,Kingston
5770,Kingston
8114,St Mary
10147,Manchester
8627,St.Andrew
7556,Westmoreland
8209,Trelawny
9941,Portland
5158,St. James
7490,Kingston
7293,Hanover
10185,St Mary
6248,Hanover
8897,Portland
10286,St. Ann
8798,Hanover
7260,St. Elizabeth
5782,St Mary
9331,St. Catherine
5154,Clarendon
8092,St.Andrew
5059,St. Thomas
8829,Hanover
10565,Clarendon
5413,Kingston
8522,Kingston
7721,St Mary
7645,Manchester
5293,St. James
9576,Portland
7365,Kingston
9425,Westmoreland
6436,St. Catherine
7637,Westmoreland
5949,Hanover
8789,Clarendon
6780,Clarendon
5772,Portland
4606,St Mary
7715,Kingston
10418,Hanover
9224,St. Catherine
5242,Clarendon
9651,St. Ann
9088,Trelawny
5034,St Mary
6137,St. Ann
5913,St. James
8904,St. Catherine
7475,St. Thomas
7337,St.Andrew
6782,St. Catherine
10578,Kingston
6226,Westmoreland
9836,St. James
8617,Trelawny
6121,St. Ann
6087,Kingston
7630,Westmoreland
6141,Clarendon
7079,Kingston
6694,St.Andrew
7082,St. Elizabeth
9941,St. Ann
7843,St. James
5341,Trelawny
6531,Portland
6439,Manchester
6188,Hanover
8052,St.Andrew
9191,Kingston
6721,St. Elizabeth
7303,Kingston
6855,Manchester
7017,St.Andrew
6325,St. Ann
6822,Manchester
5828,Trelawny
9348,Clarendon
7841,Portland
8259,Hanover
9053,St. James
6809,St. James
10475,St Mary
9256,Kingston
9678,Trelawny
8658,Westmoreland
9976,St. James
8700,Clarendon
10058,St.Andrew
8493,Trelawny
6052,St. Thomas
8080,Portland
8756,St. Ann
4768,Westmoreland
8304,Trelawny
6127,Trelawny
5215,St. James
6970,Manchester
8589,St. Ann
4745,Hanover
5997,Hanover
7323,Portland
10141,St.Andrew
6905,St Mary
6688,St Mary
5845,St. Thomas
7981,Portland
8359,St. Elizabeth
9145,Trelawny
6352,Hanover
8839,Manchester
6445,St.Andrew
7384,Hanover
8727,St Mary
7023,Portland
7625,Trelawny
7373,Clarendon
8463,Clarendon
8249,Manchester
9296,Kingston
4736,St. Catherine
6021,St. Ann
6254,St Mary
6446,St. Thomas
9648,St. Elizabeth
6632,Trelawny
9543,Manchester
9985,St. James
4841,Clarendon
6318,St.Andrew
8609,St. Catherine
4775,Portland
6901,St. Thomas
9431,St. Thomas
6242,St.Andrew
5816,St.Andrew
9494,Trelawny
10442,St. James
9253,St.Andrew
7240,Kingston
5205,St. Catherine
8268,Kingston
6139,Trelawny
10344,St. James
10061,Hanover
9556,Manchester
9466,St. Thomas
8710,Hanover
6733,Kingston
10077,Clarendon
7692,Clarendon
10530,St. James
4601,Westmoreland
6531,St.Andrew
7651,St Mary
5189,Manchester
7750,Hanover
5450,Clarendon
4721,St Mary
10466,Trelawny
8873,St. Ann
5583,St. Thomas
9753,Hanover
8061,Kingston
4893,St. Elizabeth
8586,St. James
7625,St. Catherine
8002,Trelawny
5746,St. Elizabeth
8931,St.Andrew
6425,St. Elizabeth
4844,St. Elizabeth
8708,St. Thomas
4721,Clarendon
5022,Manchester
8228,St. Ann
6207,Clarendon
10161,St.Andrew
5222,St. Elizabeth
6296,St. Catherine
8781,St. James
7695,St. Elizabeth
6843,St. Elizabeth
9027,Portland
9970,St. Catherine
9664,Kingston
6553,Manchester
5666,Hanover
10090,Portland
10264,St.Andrew
8953,St. Catherine
5411,St. Elizabeth
7665,Trelawny
4787,Manchester
6255,Westmoreland
4992,Westmoreland
5769,Manchester
7362,Westmoreland
6588,St. Thomas
8917,Westmoreland
5522,Trelawny
6678,St. Ann
6904,St. Elizabeth
9452,St. Elizabeth
9937,Manchester
5906,St. Ann
7473,St.Andrew
9443,St. James
6661,St. Ann
8843,St. Thomas
9233,Trelawny
4821,Hanover
10158,Trelawny
5136,Manchester
6188,Westmoreland
8111,St. Thomas
6976,St. Ann
10087,Manchester
8088,Kingston
4894,Kingston
10004,Westmoreland
10282,St.Andrew
6646,St. Thomas
10187,Westmoreland
5894,Portland
6753,Trelawny
5616,Westmoreland
5389,St.Andrew
9497,St.Andrew
6358,Kingston
7070,St. Ann
8492,Westmoreland
4746,St. Thomas
9063,Westmoreland
8176,Portland
9783,Westmoreland
8348,St.Andrew
6191,Hanover
5784,St. Catherine
9115,Portland
8830,St. Catherine
8824,St. Elizabeth
8653,Clarendon
10069,St Mary
5748,St. Catherine
10432,St.Andrew
4656,Clarendon
5249,Trelawny
9795,Manchester
10182,St Mary
6156,Kingston
7655,Portland
8526,Trelawny
10310,Trelawny
9694,Clarendon
9065,Manchester
5497,St. Elizabeth
8426,St Mary
7390,St Mary
8034,Manchester
5410,St. Catherine
6082,St. Ann
9273,Westmoreland
9312,St Mary
5586,Manchester
10339,St.Andrew
8837,St. Thomas
5216,St. Elizabeth
8146,St.Andrew
6130,St Mary
5390,Hanover
6667,St. Thomas
9511,Trelawny
5693,Clarendon
9033,St. James
9114,Trelawny
7940,St. Ann
7909,St. Elizabeth
9748,Manchester
7276,Manchester
9823,St Mary
8954,Manchester
8141,Portland
10269,St. James
7328,Kingston
4894,St. Ann
5977,St. Elizabeth
6672,Portland
5892,St Mary
7719,Kingston
6875,Kingston
10097,St Mary
8797,Hanover
6773,St. Ann
6631,St. Ann
10397,Manchester
9155,Westmoreland
5206,Portland
4876,St Mary
7711,St. Catherine
4651,St. Ann
5915,St. Elizabeth
4994,Portland
10247,St. Catherine
4723,St. Catherine
8058,St Mary
7819,Westmoreland
10004,St. Catherine
9590,Westmoreland
9607,Westmoreland
6919,Portland
7760,Hanover
8025,Kingston
8556,St.Andrew
10244,Hanover
10420,Portland
5380,St. Thomas
7890,St. Thomas
5770,Hanover
5055,St. Elizabeth
6187,St. Ann
10492,St. Elizabeth
9419,Westmoreland
10513,Manchester
6242,St. Catherine
7557,Portland
9634,Clarendon
6279,Manchester
7327,St.Andrew
5579,Manchester
5248,Trelawny
9507,Clarendon
7882,Trelawny
9948,Westmoreland
8907,Trelawny
6260,Clarendon
7482,St. Thomas
4996,St. Elizabeth
8846,Portland
9513,Hanover
8681,St Mary
8969,Hanover
5655,St. Ann
9318,St. Catherine
9981,Portland
5986,Hanover
5147,St. Elizabeth
9156,St. Catherine
5466,Hanover
8717,Westmoreland
4833,Trelawny
5288,Westmoreland
7031,Manchester
9236,St. Thomas
5206,St. James
10016,Hanover
7550,Clarendon
7785,Clarendon
5790,Portland
10192,St Mary
7308,Hanover
6838,St. Thomas
8623,St Mary
7796,Manchester
7529,Westmoreland
8560,St. Thomas
10165,Kingston
5395,Kingston
6438,Portland
7494,Hanover
9773,Portland
9064,St. Thomas
10343,St. Catherine
6571,St. Ann
7984,Hanover
9082,St. Elizabeth
7582,St Mary
5460,St. Elizabeth
10491,St. Ann
6428,Kingston
5637,Kingston
4858,St Mary
7337,St. James
9703,St. James
6588,St. James
7138,St Mary
7062,Clarendon
9129,St. James
9325,St. Thomas
10244,St Mary
8700,Manchester
8404,St. Elizabeth
10084,Portland
5980,St.Andrew
6395,Manchester
6370,Portland
8729,St. Ann
6241,St. James
6052,Westmoreland
6534,Kingston
10436,Hanover
6252,St. James
7354,St. Ann
9274,Kingston
5525,St. Elizabeth
6323,St.Andrew
8829,Clarendon
5882,St. Catherine
6292,Manchester
9806,Kingston
9820,St. James
7365,St Mary
7910,Trelawny
9709,St. James
8725,Westmoreland
8459,Manchester
6493,Clarendon
10519,Hanover
5875,Portland
10319,St.Andrew
10274,St.Andrew
7117,Portland
8309,Clarendon
6943,Portland
6906,Clarendon
7463,Manchester
6101,Trelawny
4936,St. Catherine
10566,St. Thomas
7497,Trelawny
6026,St. Catherine
7709,Manchester
10273,St Mary
7356,Manchester
6259,St. Ann
9485,St. Elizabeth
9660,Clarendon
6494,St. James
7550,St. Ann
6790,Hanover
6066,Kingston
8187,Clarendon
8389,St. James
7020,St. Elizabeth
9039,St. Thomas
5129,St. Elizabeth
9198,St. James
8134,St. Catherine
6496,St.Andrew
6188,St. Ann
5322,St Mary
5637,Manchester
6011,St Mary
5625,St. James
5858,Trelawny
6193,Trelawny
6750,Westmoreland
9723,Portland
8816,St. James
9343,St. Catherine
9391,Clarendon
6660,St. Ann
8268,Kingston
7524,Clarendon
4744,St. Ann
10394,Hanover
4841,Portland
7661,St Mary
5283,Westmoreland
5920,Manchester
4624,Trelawny
8550,Trelawny
5562,Trelawny
5533,St. Thomas
6391,St. Catherine
5717,Kingston
7654,Clarendon
8231,St.Andrew
6862,St Mary
9313,Hanover
8819,Clarendon
5247,St. James
8328,St. Catherine
6596,St. Ann
6034,St. Ann
9831,St. Ann
6989,Clarendon
7107,Hanover
8408,Manchester
5046,St. Ann
8072,Manchester
5591,St.Andrew
4773,Trelawny
7597,St.Andrew
5489,Manchester
10064,St. Ann
5909,Clarendon
8179,Manchester
8341,St.Andrew
9345,Kingston
7777,Clarendon
5687,Hanover
7846,St.Andrew
7995,St. Thomas
7278,Trelawny
8433,Kingston
8414,St.Andrew
10350,St Mary
8270,Clarendon
5523,St Mary
6173,Trelawny
6045,Clarendon
7466,St. Ann
7152,Hanover
7622,Hanover
5052,Trelawny
9700,St Mary
8123,St. James
6066,St. Catherine
7128,St Mary
8081,Kingston
6233,Hanover
5164,Trelawny
7713,St. James
4992,Manchester
7035,St. James
5964,St Mary
6750,Manchester
6054,Westmoreland
5553,St. Thomas
5176,Manchester
10132,Kingston
7477,Westmoreland
5073,Manchester
5525,Westmoreland
8319,St. Catherine
5069,Clarendon
9689,St Mary
5831,Kingston
4788,St. Thomas
5132,St. Ann
7438,St.Andrew
9841,Hanover
6062,Portland
10055,Trelawny
4847,Westmoreland
8842,St. Catherine
9223,Hanover
8054,St.Andrew
8341,Westmoreland
7773,Manchester
8113,Trelawny
10050,St Mary
7800,Portland
7788,Clarendon
8798,Westmoreland
6392,Trelawny
10029,Portland
6201,Westmoreland
7890,Hanover
6627,Westmoreland
10182,St.Andrew
7226,St. Ann
4706,Westmoreland
8928,Trelawny
7579,St. Elizabeth
10573,Trelawny
5986,St.Andrew
7554,Kingston
10422,St. Elizabeth
5190,St.Andrew
7264,Hanover
8742,Kingston
7209,St.Andrew
5432,St Mary
9738,St. Elizabeth
6578,Clarendon
6292,Trelawny
5928,St. Ann
10519,Hanover
6993,Manchester
4939,St Mary
6737,St. James
10564,Westmoreland
7003,St Mary
5359,St. Catherine
5354,St. Catherine
9326,Westmoreland
9972,Portland
7675,St.Andrew
6415,Hanover
7958,Portland
7235,Clarendon
7233,Westmoreland
5635,St.Andrew
7332,Kingston
6214,St Mary
4845,St.Andrew
5847,Clarendon
8640,St. Ann
7099,St.Andrew
8304,Portland
9843,Trelawny
5465,Portland
9762,Kingston
8993,St. Ann
6215,Trelawny
9484,St. James
9814,St. Thomas
7109,Westmoreland
6688,Trelawny
6519,Clarendon
5890,Clarendon
9079,St. Ann
6783,St.Andrew
7782,St. Elizabeth
6541,Manchester
7848,Trelawny
6184,St. Elizabeth
8483,St. Ann
10542,St. Elizabeth
6991,St.Andrew
7099,St Mary
8513,Manchester
5205,Trelawny
5855,St. Elizabeth
7985,Kingston
5045,Trelawny
7003,Trelawny
4995,Manchester
7540,St. Ann
7965,Portland
9917,St. Thomas
8636,St. James
7011,Clarendon
8224,Kingston
4979,Westmoreland
5064,Westmoreland
7424,St. James
10292,Westmoreland
7934,St. Elizabeth
10215,St. Catherine
9158,Trelawny
7327,St.Andrew
7554,Westmoreland
7395,St. James
10183,St. James
4823,Portland
6867,Westmoreland
4722,St. Elizabeth
6191,Kingston
6233,Portland
10466,St Mary
6908,St. Catherine
10390,St. James
4693,Westmoreland
4714,Hanover
4891,St. Thomas
7832,St. Catherine
10310,Hanover
7378,Portland
9205,St. Elizabeth
10530,Hanover
7484,Clarendon
5668,St. Ann
7917,St Mary
10537,Hanover
7967,Westmoreland
8063,Hanover
9891,St. James
4928,St.Andrew
5104,St. Thomas
6441,Kingston
7088,St. Catherine
10190,Hanover
5261,Trelawny
8639,St. Thomas
9601,St. Ann
6370,Portland
8006,St.Andrew
8008,Clarendon
8016,Clarendon
5883,St. James
6223,St.Andrew
9421,St. Elizabeth
10264,Portland
5811,St. Catherine
10432,St. Ann
10466,St. Ann
9963,St Mary
9619,Hanover
8460,Portland
9507,Hanover
10101,Trelawny
5712,St.Andrew
7176,Clarendon
6927,St. Thomas
8095,St. Catherine
8939,Clarendon
7963,St. Elizabeth
9426,St.Andrew
9142,St. Catherine
9336,St. Ann
10185,St. Elizabeth
5246,Manchester
5045,Kingston
7781,Westmoreland
9269,Clarendon
10012,Clarendon
6899,Trelawny
7285,St. Ann
9129,Hanover
5015,St.Andrew
10047,Clarendon
9623,Manchester
8650,St. Thomas
6654,Portland
10400,St Mary
6703,Kingston
9243,St Mary
6690,Clarendon
7179,St. Catherine
8356,Portland
4703,Manchester
9583,Manchester
8202,St. James
7648,St Mary
6383,St Mary
7650,Portland
7356,Westmoreland
9657,Clarendon
7220,St. Ann
5127,St. Elizabeth
4645,St. Ann
7303,St. Ann
7726,St.Andrew
7966,St. Elizabeth
8447,St. Catherine
8402,Manchester
8528,Hanover
6151,Westmoreland
10185,Manchester
9056,Kingston
7586,St. Elizabeth
9929,Trelawny
6119,Clarendon
10485,Trelawny
9704,Trelawny
4947,Manchester
10202,Manchester
6936,St. Elizabeth
5347,St. James
8097,Manchester
4665,St. Elizabeth
9928,Trelawny
5658,Westmoreland
7548,St.Andrew
6258,Westmoreland
5420,St. Ann
4626,Portland
6552,Manchester
6483,St. Catherine
6813,Kingston
4786,St. Catherine
8267,St. James
8376,Hanover
6514,Trelawny
5237,St.Andrew
6935,St. Catherine
7490,St. Ann
6903,St. Elizabeth
10495,St.Andrew
8407,Portland
8521,Westmoreland
7199,St. Catherine
9614,Clarendon
6007,St. James
10026,Manchester
6967,Manchester
6274,Clarendon
10364,Portland
8069,St. Elizabeth
8170,St. Catherine
9100,St. Thomas
7671,Trelawny
8651,Westmoreland
6809,Trelawny
8535,Westmoreland
8334,Hanover
7034,St. Thomas
9487,St. Thomas
6717,Trelawny
7406,St. Catherine
6689,Kingston
7606,St. James
4715,Portland
8836,St. Thomas
7670,St. Elizabeth
8082,Manchester
8645,St. Thomas
4853,Portland
8070,Kingston
7922,St.Andrew
9891,St. Thomas
5540,St. James
9616,Westmoreland
4830,Hanover
7815,St. Catherine
6792,St Mary
10026,Hanover
6241,Kingston
10559,Clarendon
4954,St. Ann
5408,St. James
6882,Westmoreland
4740,Trelawny
8801,St. James
6238,Westmoreland
6169,Westmoreland
5366,Kingston
8531,Manchester
7735,Manchester
10526,Portland
5017,St. Elizabeth
6951,St. Catherine
9412,St. Elizabeth
10373,St. James
6893,Portland
9480,Portland
9569,Westmoreland
7714,Clarendon
7292,Manchester
5829,St. Catherine
8463,Manchester
7535,St. Thomas
6057,Manchester
8372,Hanover
5234,Hanover
5797,Kingston
10517,St. Elizabeth
8261,St.Andrew
10533,Trelawny
7562,St.Andrew
4799,Manchester
10495,Trelawny
5703,St. James
8927,Hanover
10026,Clarendon
9908,Hanover
9823,St. Thomas
5199,St. Ann
9663,Trelawny
10266,Hanover
9231,Trelawny
5122,St. Thomas
5613,Trelawny
8024,Clarendon
7561,Portland
6291,St. Catherine
5671,Trelawny
5298,St. Catherine
5647,Portland
6991,St. Ann
6567,St. Catherine
10269,Westmoreland
8531,St. James
5911,Trelawny
9263,Trelawny
6287,Kingston
4932,Portland
6275,St. James
9417,Portland
6728,Portland
9605,St. James
5255,Hanover
7828,St.Andrew
10313,Portland
7054,St. Elizabeth
8770,Westmoreland
5647,Kingston
9112,St. Elizabeth
8585,Hanover
7234,St. Thomas
4877,St. James
6625,St. Elizabeth
6998,St. Catherine
7762,St. Thomas
6422,St. Ann
5565,Trelawny
